Generation,Wild_Type_Gene_Frequency,Num_Wild_Gene,New_Num_Wild_Gene,New_Num_Wild_Gene_Frequency
1,0.978647,49085,198347,0.994629
2,0.96048,48802,196940,0.989907
3,0.929245,47109,191863,0.981647
4,0.870253,44711,185104,0.96524
5,0.768764,40048,172054,0.934568
6,0.625144,33097,152006,0.884517
7,0.453872,23418,121350,0.811554
8,0.298019,13598,85934,0.728476
9,0.16992,5884,52318,0.645407
10,0.0939764,2011,27442,0.585992
11,0.0575092,610,12331,0.552266
12,0.0308391,129,4546,0.528605
13,0.0433213,48,1278,0.546621
14,0,0,704,0.5
15,NAN,0,0,NAN
16,NAN,0,0,NAN
17,NAN,0,0,NAN
18,NAN,0,0,NAN
19,NAN,0,0,NAN
20,NAN,0,0,NAN
21,NAN,0,0,NAN
22,NAN,0,0,NAN
23,NAN,0,0,NAN
24,NAN,0,0,NAN
25,NAN,0,0,NAN
26,NAN,0,0,NAN
27,NAN,0,0,NAN
28,NAN,0,0,NAN
29,NAN,0,0,NAN
30,NAN,0,0,NAN
31,NAN,0,0,NAN
32,NAN,0,0,NAN
33,NAN,0,0,NAN
34,NAN,0,0,NAN
35,NAN,0,0,NAN
36,NAN,0,0,NAN
37,NAN,0,0,NAN
38,NAN,0,0,NAN
39,NAN,0,0,NAN
40,NAN,0,0,NAN
41,NAN,0,0,NAN
42,NAN,0,0,NAN
43,NAN,0,0,NAN
44,NAN,0,0,NAN
45,NAN,0,0,NAN
46,NAN,0,0,NAN
47,NAN,0,0,NAN
48,NAN,0,0,NAN
49,NAN,0,0,NAN
50,NAN,0,0,NAN
51,NAN,0,0,NAN
52,NAN,0,0,NAN
53,NAN,0,0,NAN
54,NAN,0,0,NAN
55,NAN,0,0,NAN
56,NAN,0,0,NAN
57,NAN,0,0,NAN
58,NAN,0,0,NAN
59,NAN,0,0,NAN
60,NAN,0,0,NAN
61,NAN,0,0,NAN
62,NAN,0,0,NAN
63,NAN,0,0,NAN
64,NAN,0,0,NAN
65,NAN,0,0,NAN
66,NAN,0,0,NAN
67,NAN,0,0,NAN
68,NAN,0,0,NAN
69,NAN,0,0,NAN
70,NAN,0,0,NAN
71,NAN,0,0,NAN
72,NAN,0,0,NAN
73,NAN,0,0,NAN
74,NAN,0,0,NAN
75,NAN,0,0,NAN
76,NAN,0,0,NAN
77,NAN,0,0,NAN
78,NAN,0,0,NAN
79,NAN,0,0,NAN
80,NAN,0,0,NAN
81,NAN,0,0,NAN
82,NAN,0,0,NAN
83,NAN,0,0,NAN
84,NAN,0,0,NAN
85,NAN,0,0,NAN
86,NAN,0,0,NAN
87,NAN,0,0,NAN
88,NAN,0,0,NAN
89,NAN,0,0,NAN
90,NAN,0,0,NAN
91,NAN,0,0,NAN
92,NAN,0,0,NAN
93,NAN,0,0,NAN
94,NAN,0,0,NAN
95,NAN,0,0,NAN
96,NAN,0,0,NAN
97,NAN,0,0,NAN
98,NAN,0,0,NAN
99,NAN,0,0,NAN
100,NAN,0,0,NAN
101,NAN,0,0,NAN
102,NAN,0,0,NAN
103,NAN,0,0,NAN
104,NAN,0,0,NAN
105,NAN,0,0,NAN
106,NAN,0,0,NAN
107,NAN,0,0,NAN
108,NAN,0,0,NAN
109,NAN,0,0,NAN
110,NAN,0,0,NAN
111,NAN,0,0,NAN
112,NAN,0,0,NAN
113,NAN,0,0,NAN
114,NAN,0,0,NAN
115,NAN,0,0,NAN
116,NAN,0,0,NAN
117,NAN,0,0,NAN
118,NAN,0,0,NAN
119,NAN,0,0,NAN
120,NAN,0,0,NAN
121,NAN,0,0,NAN
122,NAN,0,0,NAN
123,NAN,0,0,NAN
124,NAN,0,0,NAN
125,NAN,0,0,NAN
126,NAN,0,0,NAN
127,NAN,0,0,NAN
128,NAN,0,0,NAN
129,NAN,0,0,NAN
130,NAN,0,0,NAN
131,NAN,0,0,NAN
132,NAN,0,0,NAN
133,NAN,0,0,NAN
134,NAN,0,0,NAN
135,NAN,0,0,NAN
136,NAN,0,0,NAN
137,NAN,0,0,NAN
138,NAN,0,0,NAN
139,NAN,0,0,NAN
140,NAN,0,0,NAN
141,NAN,0,0,NAN
142,NAN,0,0,NAN
143,NAN,0,0,NAN
144,NAN,0,0,NAN
145,NAN,0,0,NAN
146,NAN,0,0,NAN
147,NAN,0,0,NAN
148,NAN,0,0,NAN
149,NAN,0,0,NAN
150,NAN,0,0,NAN
1,0.980069,49518,198845,0.994961
2,0.962373,48493,196062,0.990422
3,0.931078,47620,193013,0.982065
4,0.871752,44856,185543,0.965656
5,0.773671,40422,173821,0.936304
6,0.631209,33129,152484,0.88736
7,0.458321,23912,123979,0.814365
8,0.293767,13540,86881,0.727452
9,0.174487,6106,53310,0.648556
10,0.09317,2038,27978,0.585142
11,0.0511267,540,12242,0.549856
12,0.0382423,161,4661,0.535132
13,0.0419378,58,1531,0.536064
14,0.012766,6,484,0.510549
15,0,0,40,0.5
16,NAN,0,0,NAN
17,NAN,0,0,NAN
18,NAN,0,0,NAN
19,NAN,0,0,NAN
20,NAN,0,0,NAN
21,NAN,0,0,NAN
22,NAN,0,0,NAN
23,NAN,0,0,NAN
24,NAN,0,0,NAN
25,NAN,0,0,NAN
26,NAN,0,0,NAN
27,NAN,0,0,NAN
28,NAN,0,0,NAN
29,NAN,0,0,NAN
30,NAN,0,0,NAN
31,NAN,0,0,NAN
32,NAN,0,0,NAN
33,NAN,0,0,NAN
34,NAN,0,0,NAN
35,NAN,0,0,NAN
36,NAN,0,0,NAN
37,NAN,0,0,NAN
38,NAN,0,0,NAN
39,NAN,0,0,NAN
40,NAN,0,0,NAN
41,NAN,0,0,NAN
42,NAN,0,0,NAN
43,NAN,0,0,NAN
44,NAN,0,0,NAN
45,NAN,0,0,NAN
46,NAN,0,0,NAN
47,NAN,0,0,NAN
48,NAN,0,0,NAN
49,NAN,0,0,NAN
50,NAN,0,0,NAN
51,NAN,0,0,NAN
52,NAN,0,0,NAN
53,NAN,0,0,NAN
54,NAN,0,0,NAN
55,NAN,0,0,NAN
56,NAN,0,0,NAN
57,NAN,0,0,NAN
58,NAN,0,0,NAN
59,NAN,0,0,NAN
60,NAN,0,0,NAN
61,NAN,0,0,NAN
62,NAN,0,0,NAN
63,NAN,0,0,NAN
64,NAN,0,0,NAN
65,NAN,0,0,NAN
66,NAN,0,0,NAN
67,NAN,0,0,NAN
68,NAN,0,0,NAN
69,NAN,0,0,NAN
70,NAN,0,0,NAN
71,NAN,0,0,NAN
72,NAN,0,0,NAN
73,NAN,0,0,NAN
74,NAN,0,0,NAN
75,NAN,0,0,NAN
76,NAN,0,0,NAN
77,NAN,0,0,NAN
78,NAN,0,0,NAN
79,NAN,0,0,NAN
80,NAN,0,0,NAN
81,NAN,0,0,NAN
82,NAN,0,0,NAN
83,NAN,0,0,NAN
84,NAN,0,0,NAN
85,NAN,0,0,NAN
86,NAN,0,0,NAN
87,NAN,0,0,NAN
88,NAN,0,0,NAN
89,NAN,0,0,NAN
90,NAN,0,0,NAN
91,NAN,0,0,NAN
92,NAN,0,0,NAN
93,NAN,0,0,NAN
94,NAN,0,0,NAN
95,NAN,0,0,NAN
96,NAN,0,0,NAN
97,NAN,0,0,NAN
98,NAN,0,0,NAN
99,NAN,0,0,NAN
100,NAN,0,0,NAN
101,NAN,0,0,NAN
102,NAN,0,0,NAN
103,NAN,0,0,NAN
104,NAN,0,0,NAN
105,NAN,0,0,NAN
106,NAN,0,0,NAN
107,NAN,0,0,NAN
108,NAN,0,0,NAN
109,NAN,0,0,NAN
110,NAN,0,0,NAN
111,NAN,0,0,NAN
112,NAN,0,0,NAN
113,NAN,0,0,NAN
114,NAN,0,0,NAN
115,NAN,0,0,NAN
116,NAN,0,0,NAN
117,NAN,0,0,NAN
118,NAN,0,0,NAN
119,NAN,0,0,NAN
120,NAN,0,0,NAN
121,NAN,0,0,NAN
122,NAN,0,0,NAN
123,NAN,0,0,NAN
124,NAN,0,0,NAN
125,NAN,0,0,NAN
126,NAN,0,0,NAN
127,NAN,0,0,NAN
128,NAN,0,0,NAN
129,NAN,0,0,NAN
130,NAN,0,0,NAN
131,NAN,0,0,NAN
132,NAN,0,0,NAN
133,NAN,0,0,NAN
134,NAN,0,0,NAN
135,NAN,0,0,NAN
136,NAN,0,0,NAN
137,NAN,0,0,NAN
138,NAN,0,0,NAN
139,NAN,0,0,NAN
140,NAN,0,0,NAN
141,NAN,0,0,NAN
142,NAN,0,0,NAN
143,NAN,0,0,NAN
144,NAN,0,0,NAN
145,NAN,0,0,NAN
146,NAN,0,0,NAN
147,NAN,0,0,NAN
148,NAN,0,0,NAN
149,NAN,0,0,NAN
150,NAN,0,0,NAN
1,0.982418,48948,198004,0.995595
2,0.965103,48674,197336,0.99116
3,0.932949,47781,194246,0.982628
4,0.874536,44778,185218,0.966479
5,0.772831,40079,172191,0.935963
6,0.625736,33251,151952,0.884264
7,0.451276,23113,120298,0.810622
8,0.296219,13326,84775,0.728082
9,0.17367,6051,53157,0.648667
10,0.0986612,2174,28423,0.588663
11,0.0571322,614,12575,0.55377
12,0.0351502,158,4923,0.531641
13,0.0202808,26,1346,0.517294
14,0.0260417,5,203,0.520513
15,0,0,30,0.5
16,NAN,0,0,NAN
17,NAN,0,0,NAN
18,NAN,0,0,NAN
19,NAN,0,0,NAN
20,NAN,0,0,NAN
21,NAN,0,0,NAN
22,NAN,0,0,NAN
23,NAN,0,0,NAN
24,NAN,0,0,NAN
25,NAN,0,0,NAN
26,NAN,0,0,NAN
27,NAN,0,0,NAN
28,NAN,0,0,NAN
29,NAN,0,0,NAN
30,NAN,0,0,NAN
31,NAN,0,0,NAN
32,NAN,0,0,NAN
33,NAN,0,0,NAN
34,NAN,0,0,NAN
35,NAN,0,0,NAN
36,NAN,0,0,NAN
37,NAN,0,0,NAN
38,NAN,0,0,NAN
39,NAN,0,0,NAN
40,NAN,0,0,NAN
41,NAN,0,0,NAN
42,NAN,0,0,NAN
43,NAN,0,0,NAN
44,NAN,0,0,NAN
45,NAN,0,0,NAN
46,NAN,0,0,NAN
47,NAN,0,0,NAN
48,NAN,0,0,NAN
49,NAN,0,0,NAN
50,NAN,0,0,NAN
51,NAN,0,0,NAN
52,NAN,0,0,NAN
53,NAN,0,0,NAN
54,NAN,0,0,NAN
55,NAN,0,0,NAN
56,NAN,0,0,NAN
57,NAN,0,0,NAN
58,NAN,0,0,NAN
59,NAN,0,0,NAN
60,NAN,0,0,NAN
61,NAN,0,0,NAN
62,NAN,0,0,NAN
63,NAN,0,0,NAN
64,NAN,0,0,NAN
65,NAN,0,0,NAN
66,NAN,0,0,NAN
67,NAN,0,0,NAN
68,NAN,0,0,NAN
69,NAN,0,0,NAN
70,NAN,0,0,NAN
71,NAN,0,0,NAN
72,NAN,0,0,NAN
73,NAN,0,0,NAN
74,NAN,0,0,NAN
75,NAN,0,0,NAN
76,NAN,0,0,NAN
77,NAN,0,0,NAN
78,NAN,0,0,NAN
79,NAN,0,0,NAN
80,NAN,0,0,NAN
81,NAN,0,0,NAN
82,NAN,0,0,NAN
83,NAN,0,0,NAN
84,NAN,0,0,NAN
85,NAN,0,0,NAN
86,NAN,0,0,NAN
87,NAN,0,0,NAN
88,NAN,0,0,NAN
89,NAN,0,0,NAN
90,NAN,0,0,NAN
91,NAN,0,0,NAN
92,NAN,0,0,NAN
93,NAN,0,0,NAN
94,NAN,0,0,NAN
95,NAN,0,0,NAN
96,NAN,0,0,NAN
97,NAN,0,0,NAN
98,NAN,0,0,NAN
99,NAN,0,0,NAN
100,NAN,0,0,NAN
101,NAN,0,0,NAN
102,NAN,0,0,NAN
103,NAN,0,0,NAN
104,NAN,0,0,NAN
105,NAN,0,0,NAN
106,NAN,0,0,NAN
107,NAN,0,0,NAN
108,NAN,0,0,NAN
109,NAN,0,0,NAN
110,NAN,0,0,NAN
111,NAN,0,0,NAN
112,NAN,0,0,NAN
113,NAN,0,0,NAN
114,NAN,0,0,NAN
115,NAN,0,0,NAN
116,NAN,0,0,NAN
117,NAN,0,0,NAN
118,NAN,0,0,NAN
119,NAN,0,0,NAN
120,NAN,0,0,NAN
121,NAN,0,0,NAN
122,NAN,0,0,NAN
123,NAN,0,0,NAN
124,NAN,0,0,NAN
125,NAN,0,0,NAN
126,NAN,0,0,NAN
127,NAN,0,0,NAN
128,NAN,0,0,NAN
129,NAN,0,0,NAN
130,NAN,0,0,NAN
131,NAN,0,0,NAN
132,NAN,0,0,NAN
133,NAN,0,0,NAN
134,NAN,0,0,NAN
135,NAN,0,0,NAN
136,NAN,0,0,NAN
137,NAN,0,0,NAN
138,NAN,0,0,NAN
139,NAN,0,0,NAN
140,NAN,0,0,NAN
141,NAN,0,0,NAN
142,NAN,0,0,NAN
143,NAN,0,0,NAN
144,NAN,0,0,NAN
145,NAN,0,0,NAN
146,NAN,0,0,NAN
147,NAN,0,0,NAN
148,NAN,0,0,NAN
149,NAN,0,0,NAN
150,NAN,0,0,NAN
1,0.981166,49282,197380,0.99523
2,0.961414,48337,195520,0.990175
3,0.926664,46715,190837,0.980996
4,0.862787,44525,185299,0.963193
5,0.760761,39749,171928,0.932223
6,0.612154,32457,150244,0.879608
7,0.441024,22490,118333,0.805875
8,0.279427,12667,83023,0.717646
9,0.169348,5601,49823,0.644574
10,0.0922316,1940,26934,0.585166
11,0.0478323,502,12093,0.547541
12,0.0434246,176,4613,0.543345
13,0.0410146,76,2067,0.537721
14,0.0107527,8,762,0.508678
15,0,0,56,0.5
16,NAN,0,0,NAN
17,NAN,0,0,NAN
18,NAN,0,0,NAN
19,NAN,0,0,NAN
20,NAN,0,0,NAN
21,NAN,0,0,NAN
22,NAN,0,0,NAN
23,NAN,0,0,NAN
24,NAN,0,0,NAN
25,NAN,0,0,NAN
26,NAN,0,0,NAN
27,NAN,0,0,NAN
28,NAN,0,0,NAN
29,NAN,0,0,NAN
30,NAN,0,0,NAN
31,NAN,0,0,NAN
32,NAN,0,0,NAN
33,NAN,0,0,NAN
34,NAN,0,0,NAN
35,NAN,0,0,NAN
36,NAN,0,0,NAN
37,NAN,0,0,NAN
38,NAN,0,0,NAN
39,NAN,0,0,NAN
40,NAN,0,0,NAN
41,NAN,0,0,NAN
42,NAN,0,0,NAN
43,NAN,0,0,NAN
44,NAN,0,0,NAN
45,NAN,0,0,NAN
46,NAN,0,0,NAN
47,NAN,0,0,NAN
48,NAN,0,0,NAN
49,NAN,0,0,NAN
50,NAN,0,0,NAN
51,NAN,0,0,NAN
52,NAN,0,0,NAN
53,NAN,0,0,NAN
54,NAN,0,0,NAN
55,NAN,0,0,NAN
56,NAN,0,0,NAN
57,NAN,0,0,NAN
58,NAN,0,0,NAN
59,NAN,0,0,NAN
60,NAN,0,0,NAN
61,NAN,0,0,NAN
62,NAN,0,0,NAN
63,NAN,0,0,NAN
64,NAN,0,0,NAN
65,NAN,0,0,NAN
66,NAN,0,0,NAN
67,NAN,0,0,NAN
68,NAN,0,0,NAN
69,NAN,0,0,NAN
70,NAN,0,0,NAN
71,NAN,0,0,NAN
72,NAN,0,0,NAN
73,NAN,0,0,NAN
74,NAN,0,0,NAN
75,NAN,0,0,NAN
76,NAN,0,0,NAN
77,NAN,0,0,NAN
78,NAN,0,0,NAN
79,NAN,0,0,NAN
80,NAN,0,0,NAN
81,NAN,0,0,NAN
82,NAN,0,0,NAN
83,NAN,0,0,NAN
84,NAN,0,0,NAN
85,NAN,0,0,NAN
86,NAN,0,0,NAN
87,NAN,0,0,NAN
88,NAN,0,0,NAN
89,NAN,0,0,NAN
90,NAN,0,0,NAN
91,NAN,0,0,NAN
92,NAN,0,0,NAN
93,NAN,0,0,NAN
94,NAN,0,0,NAN
95,NAN,0,0,NAN
96,NAN,0,0,NAN
97,NAN,0,0,NAN
98,NAN,0,0,NAN
99,NAN,0,0,NAN
100,NAN,0,0,NAN
101,NAN,0,0,NAN
102,NAN,0,0,NAN
103,NAN,0,0,NAN
104,NAN,0,0,NAN
105,NAN,0,0,NAN
106,NAN,0,0,NAN
107,NAN,0,0,NAN
108,NAN,0,0,NAN
109,NAN,0,0,NAN
110,NAN,0,0,NAN
111,NAN,0,0,NAN
112,NAN,0,0,NAN
113,NAN,0,0,NAN
114,NAN,0,0,NAN
115,NAN,0,0,NAN
116,NAN,0,0,NAN
117,NAN,0,0,NAN
118,NAN,0,0,NAN
119,NAN,0,0,NAN
120,NAN,0,0,NAN
121,NAN,0,0,NAN
122,NAN,0,0,NAN
123,NAN,0,0,NAN
124,NAN,0,0,NAN
125,NAN,0,0,NAN
126,NAN,0,0,NAN
127,NAN,0,0,NAN
128,NAN,0,0,NAN
129,NAN,0,0,NAN
130,NAN,0,0,NAN
131,NAN,0,0,NAN
132,NAN,0,0,NAN
133,NAN,0,0,NAN
134,NAN,0,0,NAN
135,NAN,0,0,NAN
136,NAN,0,0,NAN
137,NAN,0,0,NAN
138,NAN,0,0,NAN
139,NAN,0,0,NAN
140,NAN,0,0,NAN
141,NAN,0,0,NAN
142,NAN,0,0,NAN
143,NAN,0,0,NAN
144,NAN,0,0,NAN
145,NAN,0,0,NAN
146,NAN,0,0,NAN
147,NAN,0,0,NAN
148,NAN,0,0,NAN
149,NAN,0,0,NAN
150,NAN,0,0,NAN
1,0.979949,49263,198764,0.994954
2,0.961632,48648,197061,0.990246
3,0.926831,47425,192678,0.980939
4,0.865345,44599,185088,0.963859
5,0.762958,40008,172482,0.932779
6,0.618677,32707,150489,0.881868
7,0.450549,23174,119867,0.809212
8,0.288991,12891,83404,0.724496
9,0.161374,5590,51470,0.63922
10,0.0951051,1941,26172,0.58629
11,0.0498355,515,11811,0.546047
12,0.0237835,87,3921,0.523358
13,0,0,905,0.5
14,NAN,0,0,NAN
15,NAN,0,0,NAN
16,NAN,0,0,NAN
17,NAN,0,0,NAN
18,NAN,0,0,NAN
19,NAN,0,0,NAN
20,NAN,0,0,NAN
21,NAN,0,0,NAN
22,NAN,0,0,NAN
23,NAN,0,0,NAN
24,NAN,0,0,NAN
25,NAN,0,0,NAN
26,NAN,0,0,NAN
27,NAN,0,0,NAN
28,NAN,0,0,NAN
29,NAN,0,0,NAN
30,NAN,0,0,NAN
31,NAN,0,0,NAN
32,NAN,0,0,NAN
33,NAN,0,0,NAN
34,NAN,0,0,NAN
35,NAN,0,0,NAN
36,NAN,0,0,NAN
37,NAN,0,0,NAN
38,NAN,0,0,NAN
39,NAN,0,0,NAN
40,NAN,0,0,NAN
41,NAN,0,0,NAN
42,NAN,0,0,NAN
43,NAN,0,0,NAN
44,NAN,0,0,NAN
45,NAN,0,0,NAN
46,NAN,0,0,NAN
47,NAN,0,0,NAN
48,NAN,0,0,NAN
49,NAN,0,0,NAN
50,NAN,0,0,NAN
51,NAN,0,0,NAN
52,NAN,0,0,NAN
53,NAN,0,0,NAN
54,NAN,0,0,NAN
55,NAN,0,0,NAN
56,NAN,0,0,NAN
57,NAN,0,0,NAN
58,NAN,0,0,NAN
59,NAN,0,0,NAN
60,NAN,0,0,NAN
61,NAN,0,0,NAN
62,NAN,0,0,NAN
63,NAN,0,0,NAN
64,NAN,0,0,NAN
65,NAN,0,0,NAN
66,NAN,0,0,NAN
67,NAN,0,0,NAN
68,NAN,0,0,NAN
69,NAN,0,0,NAN
70,NAN,0,0,NAN
71,NAN,0,0,NAN
72,NAN,0,0,NAN
73,NAN,0,0,NAN
74,NAN,0,0,NAN
75,NAN,0,0,NAN
76,NAN,0,0,NAN
77,NAN,0,0,NAN
78,NAN,0,0,NAN
79,NAN,0,0,NAN
80,NAN,0,0,NAN
81,NAN,0,0,NAN
82,NAN,0,0,NAN
83,NAN,0,0,NAN
84,NAN,0,0,NAN
85,NAN,0,0,NAN
86,NAN,0,0,NAN
87,NAN,0,0,NAN
88,NAN,0,0,NAN
89,NAN,0,0,NAN
90,NAN,0,0,NAN
91,NAN,0,0,NAN
92,NAN,0,0,NAN
93,NAN,0,0,NAN
94,NAN,0,0,NAN
95,NAN,0,0,NAN
96,NAN,0,0,NAN
97,NAN,0,0,NAN
98,NAN,0,0,NAN
99,NAN,0,0,NAN
100,NAN,0,0,NAN
101,NAN,0,0,NAN
102,NAN,0,0,NAN
103,NAN,0,0,NAN
104,NAN,0,0,NAN
105,NAN,0,0,NAN
106,NAN,0,0,NAN
107,NAN,0,0,NAN
108,NAN,0,0,NAN
109,NAN,0,0,NAN
110,NAN,0,0,NAN
111,NAN,0,0,NAN
112,NAN,0,0,NAN
113,NAN,0,0,NAN
114,NAN,0,0,NAN
115,NAN,0,0,NAN
116,NAN,0,0,NAN
117,NAN,0,0,NAN
118,NAN,0,0,NAN
119,NAN,0,0,NAN
120,NAN,0,0,NAN
121,NAN,0,0,NAN
122,NAN,0,0,NAN
123,NAN,0,0,NAN
124,NAN,0,0,NAN
125,NAN,0,0,NAN
126,NAN,0,0,NAN
127,NAN,0,0,NAN
128,NAN,0,0,NAN
129,NAN,0,0,NAN
130,NAN,0,0,NAN
131,NAN,0,0,NAN
132,NAN,0,0,NAN
133,NAN,0,0,NAN
134,NAN,0,0,NAN
135,NAN,0,0,NAN
136,NAN,0,0,NAN
137,NAN,0,0,NAN
138,NAN,0,0,NAN
139,NAN,0,0,NAN
140,NAN,0,0,NAN
141,NAN,0,0,NAN
142,NAN,0,0,NAN
143,NAN,0,0,NAN
144,NAN,0,0,NAN
145,NAN,0,0,NAN
146,NAN,0,0,NAN
147,NAN,0,0,NAN
148,NAN,0,0,NAN
149,NAN,0,0,NAN
150,NAN,0,0,NAN
1,0.981121,49162,197970,0.995244
2,0.96397,48800,195846,0.990772
3,0.92825,47260,191587,0.98129
4,0.862104,44263,184094,0.962966
5,0.755956,39476,171198,0.930717
6,0.608538,31989,148668,0.878414
7,0.438129,22193,117963,0.805626
8,0.28018,12700,83390,0.718768
9,0.154682,5210,49604,0.63533
10,0.0823066,1630,24646,0.575572
11,0.0456772,401,9978,0.543582
12,0.0203498,64,3331,0.519495
13,0.0198171,13,689,0.517267
14,0.0168067,2,135,0.535714
15,0,0,97,0.5
16,NAN,0,0,NAN
17,NAN,0,0,NAN
18,NAN,0,0,NAN
19,NAN,0,0,NAN
20,NAN,0,0,NAN
21,NAN,0,0,NAN
22,NAN,0,0,NAN
23,NAN,0,0,NAN
24,NAN,0,0,NAN
25,NAN,0,0,NAN
26,NAN,0,0,NAN
27,NAN,0,0,NAN
28,NAN,0,0,NAN
29,NAN,0,0,NAN
30,NAN,0,0,NAN
31,NAN,0,0,NAN
32,NAN,0,0,NAN
33,NAN,0,0,NAN
34,NAN,0,0,NAN
35,NAN,0,0,NAN
36,NAN,0,0,NAN
37,NAN,0,0,NAN
38,NAN,0,0,NAN
39,NAN,0,0,NAN
40,NAN,0,0,NAN
41,NAN,0,0,NAN
42,NAN,0,0,NAN
43,NAN,0,0,NAN
44,NAN,0,0,NAN
45,NAN,0,0,NAN
46,NAN,0,0,NAN
47,NAN,0,0,NAN
48,NAN,0,0,NAN
49,NAN,0,0,NAN
50,NAN,0,0,NAN
51,NAN,0,0,NAN
52,NAN,0,0,NAN
53,NAN,0,0,NAN
54,NAN,0,0,NAN
55,NAN,0,0,NAN
56,NAN,0,0,NAN
57,NAN,0,0,NAN
58,NAN,0,0,NAN
59,NAN,0,0,NAN
60,NAN,0,0,NAN
61,NAN,0,0,NAN
62,NAN,0,0,NAN
63,NAN,0,0,NAN
64,NAN,0,0,NAN
65,NAN,0,0,NAN
66,NAN,0,0,NAN
67,NAN,0,0,NAN
68,NAN,0,0,NAN
69,NAN,0,0,NAN
70,NAN,0,0,NAN
71,NAN,0,0,NAN
72,NAN,0,0,NAN
73,NAN,0,0,NAN
74,NAN,0,0,NAN
75,NAN,0,0,NAN
76,NAN,0,0,NAN
77,NAN,0,0,NAN
78,NAN,0,0,NAN
79,NAN,0,0,NAN
80,NAN,0,0,NAN
81,NAN,0,0,NAN
82,NAN,0,0,NAN
83,NAN,0,0,NAN
84,NAN,0,0,NAN
85,NAN,0,0,NAN
86,NAN,0,0,NAN
87,NAN,0,0,NAN
88,NAN,0,0,NAN
89,NAN,0,0,NAN
90,NAN,0,0,NAN
91,NAN,0,0,NAN
92,NAN,0,0,NAN
93,NAN,0,0,NAN
94,NAN,0,0,NAN
95,NAN,0,0,NAN
96,NAN,0,0,NAN
97,NAN,0,0,NAN
98,NAN,0,0,NAN
99,NAN,0,0,NAN
100,NAN,0,0,NAN
101,NAN,0,0,NAN
102,NAN,0,0,NAN
103,NAN,0,0,NAN
104,NAN,0,0,NAN
105,NAN,0,0,NAN
106,NAN,0,0,NAN
107,NAN,0,0,NAN
108,NAN,0,0,NAN
109,NAN,0,0,NAN
110,NAN,0,0,NAN
111,NAN,0,0,NAN
112,NAN,0,0,NAN
113,NAN,0,0,NAN
114,NAN,0,0,NAN
115,NAN,0,0,NAN
116,NAN,0,0,NAN
117,NAN,0,0,NAN
118,NAN,0,0,NAN
119,NAN,0,0,NAN
120,NAN,0,0,NAN
121,NAN,0,0,NAN
122,NAN,0,0,NAN
123,NAN,0,0,NAN
124,NAN,0,0,NAN
125,NAN,0,0,NAN
126,NAN,0,0,NAN
127,NAN,0,0,NAN
128,NAN,0,0,NAN
129,NAN,0,0,NAN
130,NAN,0,0,NAN
131,NAN,0,0,NAN
132,NAN,0,0,NAN
133,NAN,0,0,NAN
134,NAN,0,0,NAN
135,NAN,0,0,NAN
136,NAN,0,0,NAN
137,NAN,0,0,NAN
138,NAN,0,0,NAN
139,NAN,0,0,NAN
140,NAN,0,0,NAN
141,NAN,0,0,NAN
142,NAN,0,0,NAN
143,NAN,0,0,NAN
144,NAN,0,0,NAN
145,NAN,0,0,NAN
146,NAN,0,0,NAN
147,NAN,0,0,NAN
148,NAN,0,0,NAN
149,NAN,0,0,NAN
150,NAN,0,0,NAN
1,0.981105,49172,196957,0.995215
2,0.963723,48217,194361,0.990748
3,0.932089,47036,191923,0.982457
4,0.872215,44817,186636,0.966015
5,0.773731,40453,174032,0.936351
6,0.632053,33447,153057,0.887143
7,0.462337,23907,123450,0.816188
8,0.295673,13763,87789,0.728092
9,0.172152,6089,53395,0.645834
10,0.0977778,2068,27226,0.587933
11,0.0433477,462,12130,0.543313
12,0.0247245,92,3969,0.522374
13,0.0162907,13,839,0.516626
14,0,0,192,0.5
15,NAN,0,0,NAN
16,NAN,0,0,NAN
17,NAN,0,0,NAN
18,NAN,0,0,NAN
19,NAN,0,0,NAN
20,NAN,0,0,NAN
21,NAN,0,0,NAN
22,NAN,0,0,NAN
23,NAN,0,0,NAN
24,NAN,0,0,NAN
25,NAN,0,0,NAN
26,NAN,0,0,NAN
27,NAN,0,0,NAN
28,NAN,0,0,NAN
29,NAN,0,0,NAN
30,NAN,0,0,NAN
31,NAN,0,0,NAN
32,NAN,0,0,NAN
33,NAN,0,0,NAN
34,NAN,0,0,NAN
35,NAN,0,0,NAN
36,NAN,0,0,NAN
37,NAN,0,0,NAN
38,NAN,0,0,NAN
39,NAN,0,0,NAN
40,NAN,0,0,NAN
41,NAN,0,0,NAN
42,NAN,0,0,NAN
43,NAN,0,0,NAN
44,NAN,0,0,NAN
45,NAN,0,0,NAN
46,NAN,0,0,NAN
47,NAN,0,0,NAN
48,NAN,0,0,NAN
49,NAN,0,0,NAN
50,NAN,0,0,NAN
51,NAN,0,0,NAN
52,NAN,0,0,NAN
53,NAN,0,0,NAN
54,NAN,0,0,NAN
55,NAN,0,0,NAN
56,NAN,0,0,NAN
57,NAN,0,0,NAN
58,NAN,0,0,NAN
59,NAN,0,0,NAN
60,NAN,0,0,NAN
61,NAN,0,0,NAN
62,NAN,0,0,NAN
63,NAN,0,0,NAN
64,NAN,0,0,NAN
65,NAN,0,0,NAN
66,NAN,0,0,NAN
67,NAN,0,0,NAN
68,NAN,0,0,NAN
69,NAN,0,0,NAN
70,NAN,0,0,NAN
71,NAN,0,0,NAN
72,NAN,0,0,NAN
73,NAN,0,0,NAN
74,NAN,0,0,NAN
75,NAN,0,0,NAN
76,NAN,0,0,NAN
77,NAN,0,0,NAN
78,NAN,0,0,NAN
79,NAN,0,0,NAN
80,NAN,0,0,NAN
81,NAN,0,0,NAN
82,NAN,0,0,NAN
83,NAN,0,0,NAN
84,NAN,0,0,NAN
85,NAN,0,0,NAN
86,NAN,0,0,NAN
87,NAN,0,0,NAN
88,NAN,0,0,NAN
89,NAN,0,0,NAN
90,NAN,0,0,NAN
91,NAN,0,0,NAN
92,NAN,0,0,NAN
93,NAN,0,0,NAN
94,NAN,0,0,NAN
95,NAN,0,0,NAN
96,NAN,0,0,NAN
97,NAN,0,0,NAN
98,NAN,0,0,NAN
99,NAN,0,0,NAN
100,NAN,0,0,NAN
101,NAN,0,0,NAN
102,NAN,0,0,NAN
103,NAN,0,0,NAN
104,NAN,0,0,NAN
105,NAN,0,0,NAN
106,NAN,0,0,NAN
107,NAN,0,0,NAN
108,NAN,0,0,NAN
109,NAN,0,0,NAN
110,NAN,0,0,NAN
111,NAN,0,0,NAN
112,NAN,0,0,NAN
113,NAN,0,0,NAN
114,NAN,0,0,NAN
115,NAN,0,0,NAN
116,NAN,0,0,NAN
117,NAN,0,0,NAN
118,NAN,0,0,NAN
119,NAN,0,0,NAN
120,NAN,0,0,NAN
121,NAN,0,0,NAN
122,NAN,0,0,NAN
123,NAN,0,0,NAN
124,NAN,0,0,NAN
125,NAN,0,0,NAN
126,NAN,0,0,NAN
127,NAN,0,0,NAN
128,NAN,0,0,NAN
129,NAN,0,0,NAN
130,NAN,0,0,NAN
131,NAN,0,0,NAN
132,NAN,0,0,NAN
133,NAN,0,0,NAN
134,NAN,0,0,NAN
135,NAN,0,0,NAN
136,NAN,0,0,NAN
137,NAN,0,0,NAN
138,NAN,0,0,NAN
139,NAN,0,0,NAN
140,NAN,0,0,NAN
141,NAN,0,0,NAN
142,NAN,0,0,NAN
143,NAN,0,0,NAN
144,NAN,0,0,NAN
145,NAN,0,0,NAN
146,NAN,0,0,NAN
147,NAN,0,0,NAN
148,NAN,0,0,NAN
149,NAN,0,0,NAN
150,NAN,0,0,NAN
1,0.97857,49637,198461,0.994553
2,0.957936,48279,194860,0.989237
3,0.921252,46526,190377,0.979537
4,0.854978,44346,184872,0.960903
5,0.738857,38937,169576,0.924936
6,0.582593,30973,146143,0.868173
7,0.412052,20732,112378,0.791617
8,0.256623,11159,76679,0.703451
9,0.149961,4584,44356,0.630594
10,0.0794157,1495,23224,0.572669
11,0.0396429,333,9379,0.537602
12,0.0155671,42,2806,0.513731
13,0,0,318,0.5
14,NAN,0,0,NAN
15,NAN,0,0,NAN
16,NAN,0,0,NAN
17,NAN,0,0,NAN
18,NAN,0,0,NAN
19,NAN,0,0,NAN
20,NAN,0,0,NAN
21,NAN,0,0,NAN
22,NAN,0,0,NAN
23,NAN,0,0,NAN
24,NAN,0,0,NAN
25,NAN,0,0,NAN
26,NAN,0,0,NAN
27,NAN,0,0,NAN
28,NAN,0,0,NAN
29,NAN,0,0,NAN
30,NAN,0,0,NAN
31,NAN,0,0,NAN
32,NAN,0,0,NAN
33,NAN,0,0,NAN
34,NAN,0,0,NAN
35,NAN,0,0,NAN
36,NAN,0,0,NAN
37,NAN,0,0,NAN
38,NAN,0,0,NAN
39,NAN,0,0,NAN
40,NAN,0,0,NAN
41,NAN,0,0,NAN
42,NAN,0,0,NAN
43,NAN,0,0,NAN
44,NAN,0,0,NAN
45,NAN,0,0,NAN
46,NAN,0,0,NAN
47,NAN,0,0,NAN
48,NAN,0,0,NAN
49,NAN,0,0,NAN
50,NAN,0,0,NAN
51,NAN,0,0,NAN
52,NAN,0,0,NAN
53,NAN,0,0,NAN
54,NAN,0,0,NAN
55,NAN,0,0,NAN
56,NAN,0,0,NAN
57,NAN,0,0,NAN
58,NAN,0,0,NAN
59,NAN,0,0,NAN
60,NAN,0,0,NAN
61,NAN,0,0,NAN
62,NAN,0,0,NAN
63,NAN,0,0,NAN
64,NAN,0,0,NAN
65,NAN,0,0,NAN
66,NAN,0,0,NAN
67,NAN,0,0,NAN
68,NAN,0,0,NAN
69,NAN,0,0,NAN
70,NAN,0,0,NAN
71,NAN,0,0,NAN
72,NAN,0,0,NAN
73,NAN,0,0,NAN
74,NAN,0,0,NAN
75,NAN,0,0,NAN
76,NAN,0,0,NAN
77,NAN,0,0,NAN
78,NAN,0,0,NAN
79,NAN,0,0,NAN
80,NAN,0,0,NAN
81,NAN,0,0,NAN
82,NAN,0,0,NAN
83,NAN,0,0,NAN
84,NAN,0,0,NAN
85,NAN,0,0,NAN
86,NAN,0,0,NAN
87,NAN,0,0,NAN
88,NAN,0,0,NAN
89,NAN,0,0,NAN
90,NAN,0,0,NAN
91,NAN,0,0,NAN
92,NAN,0,0,NAN
93,NAN,0,0,NAN
94,NAN,0,0,NAN
95,NAN,0,0,NAN
96,NAN,0,0,NAN
97,NAN,0,0,NAN
98,NAN,0,0,NAN
99,NAN,0,0,NAN
100,NAN,0,0,NAN
101,NAN,0,0,NAN
102,NAN,0,0,NAN
103,NAN,0,0,NAN
104,NAN,0,0,NAN
105,NAN,0,0,NAN
106,NAN,0,0,NAN
107,NAN,0,0,NAN
108,NAN,0,0,NAN
109,NAN,0,0,NAN
110,NAN,0,0,NAN
111,NAN,0,0,NAN
112,NAN,0,0,NAN
113,NAN,0,0,NAN
114,NAN,0,0,NAN
115,NAN,0,0,NAN
116,NAN,0,0,NAN
117,NAN,0,0,NAN
118,NAN,0,0,NAN
119,NAN,0,0,NAN
120,NAN,0,0,NAN
121,NAN,0,0,NAN
122,NAN,0,0,NAN
123,NAN,0,0,NAN
124,NAN,0,0,NAN
125,NAN,0,0,NAN
126,NAN,0,0,NAN
127,NAN,0,0,NAN
128,NAN,0,0,NAN
129,NAN,0,0,NAN
130,NAN,0,0,NAN
131,NAN,0,0,NAN
132,NAN,0,0,NAN
133,NAN,0,0,NAN
134,NAN,0,0,NAN
135,NAN,0,0,NAN
136,NAN,0,0,NAN
137,NAN,0,0,NAN
138,NAN,0,0,NAN
139,NAN,0,0,NAN
140,NAN,0,0,NAN
141,NAN,0,0,NAN
142,NAN,0,0,NAN
143,NAN,0,0,NAN
144,NAN,0,0,NAN
145,NAN,0,0,NAN
146,NAN,0,0,NAN
147,NAN,0,0,NAN
148,NAN,0,0,NAN
149,NAN,0,0,NAN
150,NAN,0,0,NAN
1,0.980917,49656,198606,0.99516
2,0.964223,47972,194676,0.990939
3,0.930659,47485,193194,0.982016
4,0.87068,44389,185141,0.965614
5,0.768682,40116,172998,0.934771
6,0.62927,33233,152977,0.886535
7,0.458524,23730,122855,0.814267
8,0.296102,13682,87199,0.728334
9,0.177241,6196,53246,0.649278
10,0.0956776,2063,27711,0.586973
11,0.0481269,519,12369,0.546479
12,0.0327706,132,4428,0.531956
13,0.0206738,27,1395,0.52169
14,0.0194444,7,389,0.524259
15,0,0,131,0.5
16,NAN,0,0,NAN
17,NAN,0,0,NAN
18,NAN,0,0,NAN
19,NAN,0,0,NAN
20,NAN,0,0,NAN
21,NAN,0,0,NAN
22,NAN,0,0,NAN
23,NAN,0,0,NAN
24,NAN,0,0,NAN
25,NAN,0,0,NAN
26,NAN,0,0,NAN
27,NAN,0,0,NAN
28,NAN,0,0,NAN
29,NAN,0,0,NAN
30,NAN,0,0,NAN
31,NAN,0,0,NAN
32,NAN,0,0,NAN
33,NAN,0,0,NAN
34,NAN,0,0,NAN
35,NAN,0,0,NAN
36,NAN,0,0,NAN
37,NAN,0,0,NAN
38,NAN,0,0,NAN
39,NAN,0,0,NAN
40,NAN,0,0,NAN
41,NAN,0,0,NAN
42,NAN,0,0,NAN
43,NAN,0,0,NAN
44,NAN,0,0,NAN
45,NAN,0,0,NAN
46,NAN,0,0,NAN
47,NAN,0,0,NAN
48,NAN,0,0,NAN
49,NAN,0,0,NAN
50,NAN,0,0,NAN
51,NAN,0,0,NAN
52,NAN,0,0,NAN
53,NAN,0,0,NAN
54,NAN,0,0,NAN
55,NAN,0,0,NAN
56,NAN,0,0,NAN
57,NAN,0,0,NAN
58,NAN,0,0,NAN
59,NAN,0,0,NAN
60,NAN,0,0,NAN
61,NAN,0,0,NAN
62,NAN,0,0,NAN
63,NAN,0,0,NAN
64,NAN,0,0,NAN
65,NAN,0,0,NAN
66,NAN,0,0,NAN
67,NAN,0,0,NAN
68,NAN,0,0,NAN
69,NAN,0,0,NAN
70,NAN,0,0,NAN
71,NAN,0,0,NAN
72,NAN,0,0,NAN
73,NAN,0,0,NAN
74,NAN,0,0,NAN
75,NAN,0,0,NAN
76,NAN,0,0,NAN
77,NAN,0,0,NAN
78,NAN,0,0,NAN
79,NAN,0,0,NAN
80,NAN,0,0,NAN
81,NAN,0,0,NAN
82,NAN,0,0,NAN
83,NAN,0,0,NAN
84,NAN,0,0,NAN
85,NAN,0,0,NAN
86,NAN,0,0,NAN
87,NAN,0,0,NAN
88,NAN,0,0,NAN
89,NAN,0,0,NAN
90,NAN,0,0,NAN
91,NAN,0,0,NAN
92,NAN,0,0,NAN
93,NAN,0,0,NAN
94,NAN,0,0,NAN
95,NAN,0,0,NAN
96,NAN,0,0,NAN
97,NAN,0,0,NAN
98,NAN,0,0,NAN
99,NAN,0,0,NAN
100,NAN,0,0,NAN
101,NAN,0,0,NAN
102,NAN,0,0,NAN
103,NAN,0,0,NAN
104,NAN,0,0,NAN
105,NAN,0,0,NAN
106,NAN,0,0,NAN
107,NAN,0,0,NAN
108,NAN,0,0,NAN
109,NAN,0,0,NAN
110,NAN,0,0,NAN
111,NAN,0,0,NAN
112,NAN,0,0,NAN
113,NAN,0,0,NAN
114,NAN,0,0,NAN
115,NAN,0,0,NAN
116,NAN,0,0,NAN
117,NAN,0,0,NAN
118,NAN,0,0,NAN
119,NAN,0,0,NAN
120,NAN,0,0,NAN
121,NAN,0,0,NAN
122,NAN,0,0,NAN
123,NAN,0,0,NAN
124,NAN,0,0,NAN
125,NAN,0,0,NAN
126,NAN,0,0,NAN
127,NAN,0,0,NAN
128,NAN,0,0,NAN
129,NAN,0,0,NAN
130,NAN,0,0,NAN
131,NAN,0,0,NAN
132,NAN,0,0,NAN
133,NAN,0,0,NAN
134,NAN,0,0,NAN
135,NAN,0,0,NAN
136,NAN,0,0,NAN
137,NAN,0,0,NAN
138,NAN,0,0,NAN
139,NAN,0,0,NAN
140,NAN,0,0,NAN
141,NAN,0,0,NAN
142,NAN,0,0,NAN
143,NAN,0,0,NAN
144,NAN,0,0,NAN
145,NAN,0,0,NAN
146,NAN,0,0,NAN
147,NAN,0,0,NAN
148,NAN,0,0,NAN
149,NAN,0,0,NAN
150,NAN,0,0,NAN
1,0.981186,49754,199380,0.995238
2,0.961227,48144,194888,0.990134
3,0.924716,46823,191768,0.980509
4,0.856178,44219,184156,0.961228
5,0.750576,39093,170129,0.929057
6,0.602392,31787,148037,0.875865
7,0.43555,22024,117192,0.80415
8,0.279503,12645,82900,0.717774
9,0.1607,5360,49480,0.638666
10,0.0847106,1717,25538,0.579224
11,0.0424007,414,11012,0.540811
12,0.0197926,63,3358,0.51837
13,0.0017094,1,598,0.505922
14,0,0,64,0.5
15,NAN,0,0,NAN
16,NAN,0,0,NAN
17,NAN,0,0,NAN
18,NAN,0,0,NAN
19,NAN,0,0,NAN
20,NAN,0,0,NAN
21,NAN,0,0,NAN
22,NAN,0,0,NAN
23,NAN,0,0,NAN
24,NAN,0,0,NAN
25,NAN,0,0,NAN
26,NAN,0,0,NAN
27,NAN,0,0,NAN
28,NAN,0,0,NAN
29,NAN,0,0,NAN
30,NAN,0,0,NAN
31,NAN,0,0,NAN
32,NAN,0,0,NAN
33,NAN,0,0,NAN
34,NAN,0,0,NAN
35,NAN,0,0,NAN
36,NAN,0,0,NAN
37,NAN,0,0,NAN
38,NAN,0,0,NAN
39,NAN,0,0,NAN
40,NAN,0,0,NAN
41,NAN,0,0,NAN
42,NAN,0,0,NAN
43,NAN,0,0,NAN
44,NAN,0,0,NAN
45,NAN,0,0,NAN
46,NAN,0,0,NAN
47,NAN,0,0,NAN
48,NAN,0,0,NAN
49,NAN,0,0,NAN
50,NAN,0,0,NAN
51,NAN,0,0,NAN
52,NAN,0,0,NAN
53,NAN,0,0,NAN
54,NAN,0,0,NAN
55,NAN,0,0,NAN
56,NAN,0,0,NAN
57,NAN,0,0,NAN
58,NAN,0,0,NAN
59,NAN,0,0,NAN
60,NAN,0,0,NAN
61,NAN,0,0,NAN
62,NAN,0,0,NAN
63,NAN,0,0,NAN
64,NAN,0,0,NAN
65,NAN,0,0,NAN
66,NAN,0,0,NAN
67,NAN,0,0,NAN
68,NAN,0,0,NAN
69,NAN,0,0,NAN
70,NAN,0,0,NAN
71,NAN,0,0,NAN
72,NAN,0,0,NAN
73,NAN,0,0,NAN
74,NAN,0,0,NAN
75,NAN,0,0,NAN
76,NAN,0,0,NAN
77,NAN,0,0,NAN
78,NAN,0,0,NAN
79,NAN,0,0,NAN
80,NAN,0,0,NAN
81,NAN,0,0,NAN
82,NAN,0,0,NAN
83,NAN,0,0,NAN
84,NAN,0,0,NAN
85,NAN,0,0,NAN
86,NAN,0,0,NAN
87,NAN,0,0,NAN
88,NAN,0,0,NAN
89,NAN,0,0,NAN
90,NAN,0,0,NAN
91,NAN,0,0,NAN
92,NAN,0,0,NAN
93,NAN,0,0,NAN
94,NAN,0,0,NAN
95,NAN,0,0,NAN
96,NAN,0,0,NAN
97,NAN,0,0,NAN
98,NAN,0,0,NAN
99,NAN,0,0,NAN
100,NAN,0,0,NAN
101,NAN,0,0,NAN
102,NAN,0,0,NAN
103,NAN,0,0,NAN
104,NAN,0,0,NAN
105,NAN,0,0,NAN
106,NAN,0,0,NAN
107,NAN,0,0,NAN
108,NAN,0,0,NAN
109,NAN,0,0,NAN
110,NAN,0,0,NAN
111,NAN,0,0,NAN
112,NAN,0,0,NAN
113,NAN,0,0,NAN
114,NAN,0,0,NAN
115,NAN,0,0,NAN
116,NAN,0,0,NAN
117,NAN,0,0,NAN
118,NAN,0,0,NAN
119,NAN,0,0,NAN
120,NAN,0,0,NAN
121,NAN,0,0,NAN
122,NAN,0,0,NAN
123,NAN,0,0,NAN
124,NAN,0,0,NAN
125,NAN,0,0,NAN
126,NAN,0,0,NAN
127,NAN,0,0,NAN
128,NAN,0,0,NAN
129,NAN,0,0,NAN
130,NAN,0,0,NAN
131,NAN,0,0,NAN
132,NAN,0,0,NAN
133,NAN,0,0,NAN
134,NAN,0,0,NAN
135,NAN,0,0,NAN
136,NAN,0,0,NAN
137,NAN,0,0,NAN
138,NAN,0,0,NAN
139,NAN,0,0,NAN
140,NAN,0,0,NAN
141,NAN,0,0,NAN
142,NAN,0,0,NAN
143,NAN,0,0,NAN
144,NAN,0,0,NAN
145,NAN,0,0,NAN
146,NAN,0,0,NAN
147,NAN,0,0,NAN
148,NAN,0,0,NAN
149,NAN,0,0,NAN
150,NAN,0,0,NAN
1,0.970185,49331,198300,0.992413
2,0.941995,47680,193006,0.985016
3,0.889697,45282,187226,0.970888
4,0.797837,41979,177253,0.943387
5,0.663335,34508,156212,0.899186
6,0.489719,25746,129971,0.828907
7,0.326062,15516,93974,0.745565
8,0.191349,7100,58301,0.660216
9,0.111144,2647,31813,0.600449
10,0.0564381,739,15259,0.552582
11,0.0303154,149,5348,0.528772
12,0.00881057,12,1414,0.511577
13,0,0,230,0.5
14,NAN,0,0,NAN
15,NAN,0,0,NAN
16,NAN,0,0,NAN
17,NAN,0,0,NAN
18,NAN,0,0,NAN
19,NAN,0,0,NAN
20,NAN,0,0,NAN
21,NAN,0,0,NAN
22,NAN,0,0,NAN
23,NAN,0,0,NAN
24,NAN,0,0,NAN
25,NAN,0,0,NAN
26,NAN,0,0,NAN
27,NAN,0,0,NAN
28,NAN,0,0,NAN
29,NAN,0,0,NAN
30,NAN,0,0,NAN
31,NAN,0,0,NAN
32,NAN,0,0,NAN
33,NAN,0,0,NAN
34,NAN,0,0,NAN
35,NAN,0,0,NAN
36,NAN,0,0,NAN
37,NAN,0,0,NAN
38,NAN,0,0,NAN
39,NAN,0,0,NAN
40,NAN,0,0,NAN
41,NAN,0,0,NAN
42,NAN,0,0,NAN
43,NAN,0,0,NAN
44,NAN,0,0,NAN
45,NAN,0,0,NAN
46,NAN,0,0,NAN
47,NAN,0,0,NAN
48,NAN,0,0,NAN
49,NAN,0,0,NAN
50,NAN,0,0,NAN
51,NAN,0,0,NAN
52,NAN,0,0,NAN
53,NAN,0,0,NAN
54,NAN,0,0,NAN
55,NAN,0,0,NAN
56,NAN,0,0,NAN
57,NAN,0,0,NAN
58,NAN,0,0,NAN
59,NAN,0,0,NAN
60,NAN,0,0,NAN
61,NAN,0,0,NAN
62,NAN,0,0,NAN
63,NAN,0,0,NAN
64,NAN,0,0,NAN
65,NAN,0,0,NAN
66,NAN,0,0,NAN
67,NAN,0,0,NAN
68,NAN,0,0,NAN
69,NAN,0,0,NAN
70,NAN,0,0,NAN
71,NAN,0,0,NAN
72,NAN,0,0,NAN
73,NAN,0,0,NAN
74,NAN,0,0,NAN
75,NAN,0,0,NAN
76,NAN,0,0,NAN
77,NAN,0,0,NAN
78,NAN,0,0,NAN
79,NAN,0,0,NAN
80,NAN,0,0,NAN
81,NAN,0,0,NAN
82,NAN,0,0,NAN
83,NAN,0,0,NAN
84,NAN,0,0,NAN
85,NAN,0,0,NAN
86,NAN,0,0,NAN
87,NAN,0,0,NAN
88,NAN,0,0,NAN
89,NAN,0,0,NAN
90,NAN,0,0,NAN
91,NAN,0,0,NAN
92,NAN,0,0,NAN
93,NAN,0,0,NAN
94,NAN,0,0,NAN
95,NAN,0,0,NAN
96,NAN,0,0,NAN
97,NAN,0,0,NAN
98,NAN,0,0,NAN
99,NAN,0,0,NAN
100,NAN,0,0,NAN
101,NAN,0,0,NAN
102,NAN,0,0,NAN
103,NAN,0,0,NAN
104,NAN,0,0,NAN
105,NAN,0,0,NAN
106,NAN,0,0,NAN
107,NAN,0,0,NAN
108,NAN,0,0,NAN
109,NAN,0,0,NAN
110,NAN,0,0,NAN
111,NAN,0,0,NAN
112,NAN,0,0,NAN
113,NAN,0,0,NAN
114,NAN,0,0,NAN
115,NAN,0,0,NAN
116,NAN,0,0,NAN
117,NAN,0,0,NAN
118,NAN,0,0,NAN
119,NAN,0,0,NAN
120,NAN,0,0,NAN
121,NAN,0,0,NAN
122,NAN,0,0,NAN
123,NAN,0,0,NAN
124,NAN,0,0,NAN
125,NAN,0,0,NAN
126,NAN,0,0,NAN
127,NAN,0,0,NAN
128,NAN,0,0,NAN
129,NAN,0,0,NAN
130,NAN,0,0,NAN
131,NAN,0,0,NAN
132,NAN,0,0,NAN
133,NAN,0,0,NAN
134,NAN,0,0,NAN
135,NAN,0,0,NAN
136,NAN,0,0,NAN
137,NAN,0,0,NAN
138,NAN,0,0,NAN
139,NAN,0,0,NAN
140,NAN,0,0,NAN
141,NAN,0,0,NAN
142,NAN,0,0,NAN
143,NAN,0,0,NAN
144,NAN,0,0,NAN
145,NAN,0,0,NAN
146,NAN,0,0,NAN
147,NAN,0,0,NAN
148,NAN,0,0,NAN
149,NAN,0,0,NAN
150,NAN,0,0,NAN
1,0.972207,49218,197903,0.992941
2,0.946263,47580,193586,0.986235
3,0.898876,46142,189323,0.973313
4,0.816742,41934,177493,0.949658
5,0.690337,36534,162570,0.908425
6,0.526052,27734,136241,0.845021
7,0.359568,17667,102149,0.764497
8,0.226295,9057,66762,0.683141
9,0.129758,3511,37717,0.615647
10,0.0652378,1044,19169,0.56168
11,0.0310401,208,7433,0.53375
12,0.033073,72,2379,0.530553
13,0.0100287,7,717,0.509233
14,0,0,68,0.5
15,NAN,0,0,NAN
16,NAN,0,0,NAN
17,NAN,0,0,NAN
18,NAN,0,0,NAN
19,NAN,0,0,NAN
20,NAN,0,0,NAN
21,NAN,0,0,NAN
22,NAN,0,0,NAN
23,NAN,0,0,NAN
24,NAN,0,0,NAN
25,NAN,0,0,NAN
26,NAN,0,0,NAN
27,NAN,0,0,NAN
28,NAN,0,0,NAN
29,NAN,0,0,NAN
30,NAN,0,0,NAN
31,NAN,0,0,NAN
32,NAN,0,0,NAN
33,NAN,0,0,NAN
34,NAN,0,0,NAN
35,NAN,0,0,NAN
36,NAN,0,0,NAN
37,NAN,0,0,NAN
38,NAN,0,0,NAN
39,NAN,0,0,NAN
40,NAN,0,0,NAN
41,NAN,0,0,NAN
42,NAN,0,0,NAN
43,NAN,0,0,NAN
44,NAN,0,0,NAN
45,NAN,0,0,NAN
46,NAN,0,0,NAN
47,NAN,0,0,NAN
48,NAN,0,0,NAN
49,NAN,0,0,NAN
50,NAN,0,0,NAN
51,NAN,0,0,NAN
52,NAN,0,0,NAN
53,NAN,0,0,NAN
54,NAN,0,0,NAN
55,NAN,0,0,NAN
56,NAN,0,0,NAN
57,NAN,0,0,NAN
58,NAN,0,0,NAN
59,NAN,0,0,NAN
60,NAN,0,0,NAN
61,NAN,0,0,NAN
62,NAN,0,0,NAN
63,NAN,0,0,NAN
64,NAN,0,0,NAN
65,NAN,0,0,NAN
66,NAN,0,0,NAN
67,NAN,0,0,NAN
68,NAN,0,0,NAN
69,NAN,0,0,NAN
70,NAN,0,0,NAN
71,NAN,0,0,NAN
72,NAN,0,0,NAN
73,NAN,0,0,NAN
74,NAN,0,0,NAN
75,NAN,0,0,NAN
76,NAN,0,0,NAN
77,NAN,0,0,NAN
78,NAN,0,0,NAN
79,NAN,0,0,NAN
80,NAN,0,0,NAN
81,NAN,0,0,NAN
82,NAN,0,0,NAN
83,NAN,0,0,NAN
84,NAN,0,0,NAN
85,NAN,0,0,NAN
86,NAN,0,0,NAN
87,NAN,0,0,NAN
88,NAN,0,0,NAN
89,NAN,0,0,NAN
90,NAN,0,0,NAN
91,NAN,0,0,NAN
92,NAN,0,0,NAN
93,NAN,0,0,NAN
94,NAN,0,0,NAN
95,NAN,0,0,NAN
96,NAN,0,0,NAN
97,NAN,0,0,NAN
98,NAN,0,0,NAN
99,NAN,0,0,NAN
100,NAN,0,0,NAN
101,NAN,0,0,NAN
102,NAN,0,0,NAN
103,NAN,0,0,NAN
104,NAN,0,0,NAN
105,NAN,0,0,NAN
106,NAN,0,0,NAN
107,NAN,0,0,NAN
108,NAN,0,0,NAN
109,NAN,0,0,NAN
110,NAN,0,0,NAN
111,NAN,0,0,NAN
112,NAN,0,0,NAN
113,NAN,0,0,NAN
114,NAN,0,0,NAN
115,NAN,0,0,NAN
116,NAN,0,0,NAN
117,NAN,0,0,NAN
118,NAN,0,0,NAN
119,NAN,0,0,NAN
120,NAN,0,0,NAN
121,NAN,0,0,NAN
122,NAN,0,0,NAN
123,NAN,0,0,NAN
124,NAN,0,0,NAN
125,NAN,0,0,NAN
126,NAN,0,0,NAN
127,NAN,0,0,NAN
128,NAN,0,0,NAN
129,NAN,0,0,NAN
130,NAN,0,0,NAN
131,NAN,0,0,NAN
132,NAN,0,0,NAN
133,NAN,0,0,NAN
134,NAN,0,0,NAN
135,NAN,0,0,NAN
136,NAN,0,0,NAN
137,NAN,0,0,NAN
138,NAN,0,0,NAN
139,NAN,0,0,NAN
140,NAN,0,0,NAN
141,NAN,0,0,NAN
142,NAN,0,0,NAN
143,NAN,0,0,NAN
144,NAN,0,0,NAN
145,NAN,0,0,NAN
146,NAN,0,0,NAN
147,NAN,0,0,NAN
148,NAN,0,0,NAN
149,NAN,0,0,NAN
150,NAN,0,0,NAN
1,0.971327,49221,197929,0.992712
2,0.948517,47921,193911,0.986764
3,0.900939,46138,189105,0.973874
4,0.818793,42262,178147,0.950117
5,0.695762,36515,162343,0.910454
6,0.531266,28096,137019,0.8468
7,0.365407,17936,102353,0.766678
8,0.222816,8916,66889,0.682624
9,0.12448,3444,37833,0.609659
10,0.0649949,959,17636,0.561084
11,0.0374449,238,7024,0.53447
12,0.018018,34,1995,0.518451
13,0.0345745,13,415,0.533419
14,0,0,155,0.5
15,NAN,0,0,NAN
16,NAN,0,0,NAN
17,NAN,0,0,NAN
18,NAN,0,0,NAN
19,NAN,0,0,NAN
20,NAN,0,0,NAN
21,NAN,0,0,NAN
22,NAN,0,0,NAN
23,NAN,0,0,NAN
24,NAN,0,0,NAN
25,NAN,0,0,NAN
26,NAN,0,0,NAN
27,NAN,0,0,NAN
28,NAN,0,0,NAN
29,NAN,0,0,NAN
30,NAN,0,0,NAN
31,NAN,0,0,NAN
32,NAN,0,0,NAN
33,NAN,0,0,NAN
34,NAN,0,0,NAN
35,NAN,0,0,NAN
36,NAN,0,0,NAN
37,NAN,0,0,NAN
38,NAN,0,0,NAN
39,NAN,0,0,NAN
40,NAN,0,0,NAN
41,NAN,0,0,NAN
42,NAN,0,0,NAN
43,NAN,0,0,NAN
44,NAN,0,0,NAN
45,NAN,0,0,NAN
46,NAN,0,0,NAN
47,NAN,0,0,NAN
48,NAN,0,0,NAN
49,NAN,0,0,NAN
50,NAN,0,0,NAN
51,NAN,0,0,NAN
52,NAN,0,0,NAN
53,NAN,0,0,NAN
54,NAN,0,0,NAN
55,NAN,0,0,NAN
56,NAN,0,0,NAN
57,NAN,0,0,NAN
58,NAN,0,0,NAN
59,NAN,0,0,NAN
60,NAN,0,0,NAN
61,NAN,0,0,NAN
62,NAN,0,0,NAN
63,NAN,0,0,NAN
64,NAN,0,0,NAN
65,NAN,0,0,NAN
66,NAN,0,0,NAN
67,NAN,0,0,NAN
68,NAN,0,0,NAN
69,NAN,0,0,NAN
70,NAN,0,0,NAN
71,NAN,0,0,NAN
72,NAN,0,0,NAN
73,NAN,0,0,NAN
74,NAN,0,0,NAN
75,NAN,0,0,NAN
76,NAN,0,0,NAN
77,NAN,0,0,NAN
78,NAN,0,0,NAN
79,NAN,0,0,NAN
80,NAN,0,0,NAN
81,NAN,0,0,NAN
82,NAN,0,0,NAN
83,NAN,0,0,NAN
84,NAN,0,0,NAN
85,NAN,0,0,NAN
86,NAN,0,0,NAN
87,NAN,0,0,NAN
88,NAN,0,0,NAN
89,NAN,0,0,NAN
90,NAN,0,0,NAN
91,NAN,0,0,NAN
92,NAN,0,0,NAN
93,NAN,0,0,NAN
94,NAN,0,0,NAN
95,NAN,0,0,NAN
96,NAN,0,0,NAN
97,NAN,0,0,NAN
98,NAN,0,0,NAN
99,NAN,0,0,NAN
100,NAN,0,0,NAN
101,NAN,0,0,NAN
102,NAN,0,0,NAN
103,NAN,0,0,NAN
104,NAN,0,0,NAN
105,NAN,0,0,NAN
106,NAN,0,0,NAN
107,NAN,0,0,NAN
108,NAN,0,0,NAN
109,NAN,0,0,NAN
110,NAN,0,0,NAN
111,NAN,0,0,NAN
112,NAN,0,0,NAN
113,NAN,0,0,NAN
114,NAN,0,0,NAN
115,NAN,0,0,NAN
116,NAN,0,0,NAN
117,NAN,0,0,NAN
118,NAN,0,0,NAN
119,NAN,0,0,NAN
120,NAN,0,0,NAN
121,NAN,0,0,NAN
122,NAN,0,0,NAN
123,NAN,0,0,NAN
124,NAN,0,0,NAN
125,NAN,0,0,NAN
126,NAN,0,0,NAN
127,NAN,0,0,NAN
128,NAN,0,0,NAN
129,NAN,0,0,NAN
130,NAN,0,0,NAN
131,NAN,0,0,NAN
132,NAN,0,0,NAN
133,NAN,0,0,NAN
134,NAN,0,0,NAN
135,NAN,0,0,NAN
136,NAN,0,0,NAN
137,NAN,0,0,NAN
138,NAN,0,0,NAN
139,NAN,0,0,NAN
140,NAN,0,0,NAN
141,NAN,0,0,NAN
142,NAN,0,0,NAN
143,NAN,0,0,NAN
144,NAN,0,0,NAN
145,NAN,0,0,NAN
146,NAN,0,0,NAN
147,NAN,0,0,NAN
148,NAN,0,0,NAN
149,NAN,0,0,NAN
150,NAN,0,0,NAN
1,0.970131,49239,198418,0.992417
2,0.94259,47450,193420,0.985278
3,0.891286,45772,188207,0.97119
4,0.802949,41604,176578,0.945339
5,0.675975,35342,159001,0.903713
6,0.506675,26491,132189,0.836735
7,0.335791,16212,96916,0.75138
8,0.203754,7816,61714,0.668928
9,0.111472,2845,34123,0.600757
10,0.0627696,844,15862,0.557265
11,0.0303311,164,5893,0.529185
12,0.011984,18,1554,0.511521
13,0.0470588,8,184,0.531792
14,0,0,40,0.5
15,NAN,0,0,NAN
16,NAN,0,0,NAN
17,NAN,0,0,NAN
18,NAN,0,0,NAN
19,NAN,0,0,NAN
20,NAN,0,0,NAN
21,NAN,0,0,NAN
22,NAN,0,0,NAN
23,NAN,0,0,NAN
24,NAN,0,0,NAN
25,NAN,0,0,NAN
26,NAN,0,0,NAN
27,NAN,0,0,NAN
28,NAN,0,0,NAN
29,NAN,0,0,NAN
30,NAN,0,0,NAN
31,NAN,0,0,NAN
32,NAN,0,0,NAN
33,NAN,0,0,NAN
34,NAN,0,0,NAN
35,NAN,0,0,NAN
36,NAN,0,0,NAN
37,NAN,0,0,NAN
38,NAN,0,0,NAN
39,NAN,0,0,NAN
40,NAN,0,0,NAN
41,NAN,0,0,NAN
42,NAN,0,0,NAN
43,NAN,0,0,NAN
44,NAN,0,0,NAN
45,NAN,0,0,NAN
46,NAN,0,0,NAN
47,NAN,0,0,NAN
48,NAN,0,0,NAN
49,NAN,0,0,NAN
50,NAN,0,0,NAN
51,NAN,0,0,NAN
52,NAN,0,0,NAN
53,NAN,0,0,NAN
54,NAN,0,0,NAN
55,NAN,0,0,NAN
56,NAN,0,0,NAN
57,NAN,0,0,NAN
58,NAN,0,0,NAN
59,NAN,0,0,NAN
60,NAN,0,0,NAN
61,NAN,0,0,NAN
62,NAN,0,0,NAN
63,NAN,0,0,NAN
64,NAN,0,0,NAN
65,NAN,0,0,NAN
66,NAN,0,0,NAN
67,NAN,0,0,NAN
68,NAN,0,0,NAN
69,NAN,0,0,NAN
70,NAN,0,0,NAN
71,NAN,0,0,NAN
72,NAN,0,0,NAN
73,NAN,0,0,NAN
74,NAN,0,0,NAN
75,NAN,0,0,NAN
76,NAN,0,0,NAN
77,NAN,0,0,NAN
78,NAN,0,0,NAN
79,NAN,0,0,NAN
80,NAN,0,0,NAN
81,NAN,0,0,NAN
82,NAN,0,0,NAN
83,NAN,0,0,NAN
84,NAN,0,0,NAN
85,NAN,0,0,NAN
86,NAN,0,0,NAN
87,NAN,0,0,NAN
88,NAN,0,0,NAN
89,NAN,0,0,NAN
90,NAN,0,0,NAN
91,NAN,0,0,NAN
92,NAN,0,0,NAN
93,NAN,0,0,NAN
94,NAN,0,0,NAN
95,NAN,0,0,NAN
96,NAN,0,0,NAN
97,NAN,0,0,NAN
98,NAN,0,0,NAN
99,NAN,0,0,NAN
100,NAN,0,0,NAN
101,NAN,0,0,NAN
102,NAN,0,0,NAN
103,NAN,0,0,NAN
104,NAN,0,0,NAN
105,NAN,0,0,NAN
106,NAN,0,0,NAN
107,NAN,0,0,NAN
108,NAN,0,0,NAN
109,NAN,0,0,NAN
110,NAN,0,0,NAN
111,NAN,0,0,NAN
112,NAN,0,0,NAN
113,NAN,0,0,NAN
114,NAN,0,0,NAN
115,NAN,0,0,NAN
116,NAN,0,0,NAN
117,NAN,0,0,NAN
118,NAN,0,0,NAN
119,NAN,0,0,NAN
120,NAN,0,0,NAN
121,NAN,0,0,NAN
122,NAN,0,0,NAN
123,NAN,0,0,NAN
124,NAN,0,0,NAN
125,NAN,0,0,NAN
126,NAN,0,0,NAN
127,NAN,0,0,NAN
128,NAN,0,0,NAN
129,NAN,0,0,NAN
130,NAN,0,0,NAN
131,NAN,0,0,NAN
132,NAN,0,0,NAN
133,NAN,0,0,NAN
134,NAN,0,0,NAN
135,NAN,0,0,NAN
136,NAN,0,0,NAN
137,NAN,0,0,NAN
138,NAN,0,0,NAN
139,NAN,0,0,NAN
140,NAN,0,0,NAN
141,NAN,0,0,NAN
142,NAN,0,0,NAN
143,NAN,0,0,NAN
144,NAN,0,0,NAN
145,NAN,0,0,NAN
146,NAN,0,0,NAN
147,NAN,0,0,NAN
148,NAN,0,0,NAN
149,NAN,0,0,NAN
150,NAN,0,0,NAN
1,0.972592,48935,197789,0.993076
2,0.946842,48074,196367,0.986442
3,0.901623,46604,190903,0.974055
4,0.81745,42348,179129,0.949853
5,0.694041,36628,162803,0.909768
6,0.528235,27567,135112,0.845867
7,0.35453,17501,101115,0.760389
8,0.215175,8363,64409,0.678618
9,0.120044,3276,37216,0.607807
10,0.0595607,884,17676,0.558766
11,0.0330159,208,6934,0.53232
12,0.0164282,31,1986,0.516918
13,0,0,357,0.5
14,NAN,0,0,NAN
15,NAN,0,0,NAN
16,NAN,0,0,NAN
17,NAN,0,0,NAN
18,NAN,0,0,NAN
19,NAN,0,0,NAN
20,NAN,0,0,NAN
21,NAN,0,0,NAN
22,NAN,0,0,NAN
23,NAN,0,0,NAN
24,NAN,0,0,NAN
25,NAN,0,0,NAN
26,NAN,0,0,NAN
27,NAN,0,0,NAN
28,NAN,0,0,NAN
29,NAN,0,0,NAN
30,NAN,0,0,NAN
31,NAN,0,0,NAN
32,NAN,0,0,NAN
33,NAN,0,0,NAN
34,NAN,0,0,NAN
35,NAN,0,0,NAN
36,NAN,0,0,NAN
37,NAN,0,0,NAN
38,NAN,0,0,NAN
39,NAN,0,0,NAN
40,NAN,0,0,NAN
41,NAN,0,0,NAN
42,NAN,0,0,NAN
43,NAN,0,0,NAN
44,NAN,0,0,NAN
45,NAN,0,0,NAN
46,NAN,0,0,NAN
47,NAN,0,0,NAN
48,NAN,0,0,NAN
49,NAN,0,0,NAN
50,NAN,0,0,NAN
51,NAN,0,0,NAN
52,NAN,0,0,NAN
53,NAN,0,0,NAN
54,NAN,0,0,NAN
55,NAN,0,0,NAN
56,NAN,0,0,NAN
57,NAN,0,0,NAN
58,NAN,0,0,NAN
59,NAN,0,0,NAN
60,NAN,0,0,NAN
61,NAN,0,0,NAN
62,NAN,0,0,NAN
63,NAN,0,0,NAN
64,NAN,0,0,NAN
65,NAN,0,0,NAN
66,NAN,0,0,NAN
67,NAN,0,0,NAN
68,NAN,0,0,NAN
69,NAN,0,0,NAN
70,NAN,0,0,NAN
71,NAN,0,0,NAN
72,NAN,0,0,NAN
73,NAN,0,0,NAN
74,NAN,0,0,NAN
75,NAN,0,0,NAN
76,NAN,0,0,NAN
77,NAN,0,0,NAN
78,NAN,0,0,NAN
79,NAN,0,0,NAN
80,NAN,0,0,NAN
81,NAN,0,0,NAN
82,NAN,0,0,NAN
83,NAN,0,0,NAN
84,NAN,0,0,NAN
85,NAN,0,0,NAN
86,NAN,0,0,NAN
87,NAN,0,0,NAN
88,NAN,0,0,NAN
89,NAN,0,0,NAN
90,NAN,0,0,NAN
91,NAN,0,0,NAN
92,NAN,0,0,NAN
93,NAN,0,0,NAN
94,NAN,0,0,NAN
95,NAN,0,0,NAN
96,NAN,0,0,NAN
97,NAN,0,0,NAN
98,NAN,0,0,NAN
99,NAN,0,0,NAN
100,NAN,0,0,NAN
101,NAN,0,0,NAN
102,NAN,0,0,NAN
103,NAN,0,0,NAN
104,NAN,0,0,NAN
105,NAN,0,0,NAN
106,NAN,0,0,NAN
107,NAN,0,0,NAN
108,NAN,0,0,NAN
109,NAN,0,0,NAN
110,NAN,0,0,NAN
111,NAN,0,0,NAN
112,NAN,0,0,NAN
113,NAN,0,0,NAN
114,NAN,0,0,NAN
115,NAN,0,0,NAN
116,NAN,0,0,NAN
117,NAN,0,0,NAN
118,NAN,0,0,NAN
119,NAN,0,0,NAN
120,NAN,0,0,NAN
121,NAN,0,0,NAN
122,NAN,0,0,NAN
123,NAN,0,0,NAN
124,NAN,0,0,NAN
125,NAN,0,0,NAN
126,NAN,0,0,NAN
127,NAN,0,0,NAN
128,NAN,0,0,NAN
129,NAN,0,0,NAN
130,NAN,0,0,NAN
131,NAN,0,0,NAN
132,NAN,0,0,NAN
133,NAN,0,0,NAN
134,NAN,0,0,NAN
135,NAN,0,0,NAN
136,NAN,0,0,NAN
137,NAN,0,0,NAN
138,NAN,0,0,NAN
139,NAN,0,0,NAN
140,NAN,0,0,NAN
141,NAN,0,0,NAN
142,NAN,0,0,NAN
143,NAN,0,0,NAN
144,NAN,0,0,NAN
145,NAN,0,0,NAN
146,NAN,0,0,NAN
147,NAN,0,0,NAN
148,NAN,0,0,NAN
149,NAN,0,0,NAN
150,NAN,0,0,NAN
1,0.967817,49198,197994,0.991805
2,0.940403,47149,193336,0.98478
3,0.889107,45733,188510,0.97063
4,0.797763,41364,176922,0.944047
5,0.657543,35147,158413,0.896417
6,0.495847,25670,128384,0.83105
7,0.332681,15814,94665,0.749015
8,0.203477,7701,60752,0.668354
9,0.111859,2774,33363,0.602351
10,0.0590265,821,16400,0.556158
11,0.032848,185,6177,0.531401
12,0.0306825,49,1710,0.524862
13,0.0448179,16,401,0.540431
14,0,0,170,0.5
15,NAN,0,0,NAN
16,NAN,0,0,NAN
17,NAN,0,0,NAN
18,NAN,0,0,NAN
19,NAN,0,0,NAN
20,NAN,0,0,NAN
21,NAN,0,0,NAN
22,NAN,0,0,NAN
23,NAN,0,0,NAN
24,NAN,0,0,NAN
25,NAN,0,0,NAN
26,NAN,0,0,NAN
27,NAN,0,0,NAN
28,NAN,0,0,NAN
29,NAN,0,0,NAN
30,NAN,0,0,NAN
31,NAN,0,0,NAN
32,NAN,0,0,NAN
33,NAN,0,0,NAN
34,NAN,0,0,NAN
35,NAN,0,0,NAN
36,NAN,0,0,NAN
37,NAN,0,0,NAN
38,NAN,0,0,NAN
39,NAN,0,0,NAN
40,NAN,0,0,NAN
41,NAN,0,0,NAN
42,NAN,0,0,NAN
43,NAN,0,0,NAN
44,NAN,0,0,NAN
45,NAN,0,0,NAN
46,NAN,0,0,NAN
47,NAN,0,0,NAN
48,NAN,0,0,NAN
49,NAN,0,0,NAN
50,NAN,0,0,NAN
51,NAN,0,0,NAN
52,NAN,0,0,NAN
53,NAN,0,0,NAN
54,NAN,0,0,NAN
55,NAN,0,0,NAN
56,NAN,0,0,NAN
57,NAN,0,0,NAN
58,NAN,0,0,NAN
59,NAN,0,0,NAN
60,NAN,0,0,NAN
61,NAN,0,0,NAN
62,NAN,0,0,NAN
63,NAN,0,0,NAN
64,NAN,0,0,NAN
65,NAN,0,0,NAN
66,NAN,0,0,NAN
67,NAN,0,0,NAN
68,NAN,0,0,NAN
69,NAN,0,0,NAN
70,NAN,0,0,NAN
71,NAN,0,0,NAN
72,NAN,0,0,NAN
73,NAN,0,0,NAN
74,NAN,0,0,NAN
75,NAN,0,0,NAN
76,NAN,0,0,NAN
77,NAN,0,0,NAN
78,NAN,0,0,NAN
79,NAN,0,0,NAN
80,NAN,0,0,NAN
81,NAN,0,0,NAN
82,NAN,0,0,NAN
83,NAN,0,0,NAN
84,NAN,0,0,NAN
85,NAN,0,0,NAN
86,NAN,0,0,NAN
87,NAN,0,0,NAN
88,NAN,0,0,NAN
89,NAN,0,0,NAN
90,NAN,0,0,NAN
91,NAN,0,0,NAN
92,NAN,0,0,NAN
93,NAN,0,0,NAN
94,NAN,0,0,NAN
95,NAN,0,0,NAN
96,NAN,0,0,NAN
97,NAN,0,0,NAN
98,NAN,0,0,NAN
99,NAN,0,0,NAN
100,NAN,0,0,NAN
101,NAN,0,0,NAN
102,NAN,0,0,NAN
103,NAN,0,0,NAN
104,NAN,0,0,NAN
105,NAN,0,0,NAN
106,NAN,0,0,NAN
107,NAN,0,0,NAN
108,NAN,0,0,NAN
109,NAN,0,0,NAN
110,NAN,0,0,NAN
111,NAN,0,0,NAN
112,NAN,0,0,NAN
113,NAN,0,0,NAN
114,NAN,0,0,NAN
115,NAN,0,0,NAN
116,NAN,0,0,NAN
117,NAN,0,0,NAN
118,NAN,0,0,NAN
119,NAN,0,0,NAN
120,NAN,0,0,NAN
121,NAN,0,0,NAN
122,NAN,0,0,NAN
123,NAN,0,0,NAN
124,NAN,0,0,NAN
125,NAN,0,0,NAN
126,NAN,0,0,NAN
127,NAN,0,0,NAN
128,NAN,0,0,NAN
129,NAN,0,0,NAN
130,NAN,0,0,NAN
131,NAN,0,0,NAN
132,NAN,0,0,NAN
133,NAN,0,0,NAN
134,NAN,0,0,NAN
135,NAN,0,0,NAN
136,NAN,0,0,NAN
137,NAN,0,0,NAN
138,NAN,0,0,NAN
139,NAN,0,0,NAN
140,NAN,0,0,NAN
141,NAN,0,0,NAN
142,NAN,0,0,NAN
143,NAN,0,0,NAN
144,NAN,0,0,NAN
145,NAN,0,0,NAN
146,NAN,0,0,NAN
147,NAN,0,0,NAN
148,NAN,0,0,NAN
149,NAN,0,0,NAN
150,NAN,0,0,NAN
1,0.973548,48693,196467,0.993311
2,0.949263,47990,194839,0.987006
3,0.905721,46430,189777,0.975166
4,0.826397,42652,179924,0.952563
5,0.703413,37162,164381,0.912974
6,0.545526,28555,138247,0.853187
7,0.377784,18661,105695,0.77472
8,0.228466,9501,70075,0.685934
9,0.123523,3512,39056,0.610479
10,0.0692544,1058,18563,0.566256
11,0.0403942,291,8055,0.538148
12,0.0314114,73,2513,0.527498
13,0,0,626,0.5
14,NAN,0,0,NAN
15,NAN,0,0,NAN
16,NAN,0,0,NAN
17,NAN,0,0,NAN
18,NAN,0,0,NAN
19,NAN,0,0,NAN
20,NAN,0,0,NAN
21,NAN,0,0,NAN
22,NAN,0,0,NAN
23,NAN,0,0,NAN
24,NAN,0,0,NAN
25,NAN,0,0,NAN
26,NAN,0,0,NAN
27,NAN,0,0,NAN
28,NAN,0,0,NAN
29,NAN,0,0,NAN
30,NAN,0,0,NAN
31,NAN,0,0,NAN
32,NAN,0,0,NAN
33,NAN,0,0,NAN
34,NAN,0,0,NAN
35,NAN,0,0,NAN
36,NAN,0,0,NAN
37,NAN,0,0,NAN
38,NAN,0,0,NAN
39,NAN,0,0,NAN
40,NAN,0,0,NAN
41,NAN,0,0,NAN
42,NAN,0,0,NAN
43,NAN,0,0,NAN
44,NAN,0,0,NAN
45,NAN,0,0,NAN
46,NAN,0,0,NAN
47,NAN,0,0,NAN
48,NAN,0,0,NAN
49,NAN,0,0,NAN
50,NAN,0,0,NAN
51,NAN,0,0,NAN
52,NAN,0,0,NAN
53,NAN,0,0,NAN
54,NAN,0,0,NAN
55,NAN,0,0,NAN
56,NAN,0,0,NAN
57,NAN,0,0,NAN
58,NAN,0,0,NAN
59,NAN,0,0,NAN
60,NAN,0,0,NAN
61,NAN,0,0,NAN
62,NAN,0,0,NAN
63,NAN,0,0,NAN
64,NAN,0,0,NAN
65,NAN,0,0,NAN
66,NAN,0,0,NAN
67,NAN,0,0,NAN
68,NAN,0,0,NAN
69,NAN,0,0,NAN
70,NAN,0,0,NAN
71,NAN,0,0,NAN
72,NAN,0,0,NAN
73,NAN,0,0,NAN
74,NAN,0,0,NAN
75,NAN,0,0,NAN
76,NAN,0,0,NAN
77,NAN,0,0,NAN
78,NAN,0,0,NAN
79,NAN,0,0,NAN
80,NAN,0,0,NAN
81,NAN,0,0,NAN
82,NAN,0,0,NAN
83,NAN,0,0,NAN
84,NAN,0,0,NAN
85,NAN,0,0,NAN
86,NAN,0,0,NAN
87,NAN,0,0,NAN
88,NAN,0,0,NAN
89,NAN,0,0,NAN
90,NAN,0,0,NAN
91,NAN,0,0,NAN
92,NAN,0,0,NAN
93,NAN,0,0,NAN
94,NAN,0,0,NAN
95,NAN,0,0,NAN
96,NAN,0,0,NAN
97,NAN,0,0,NAN
98,NAN,0,0,NAN
99,NAN,0,0,NAN
100,NAN,0,0,NAN
101,NAN,0,0,NAN
102,NAN,0,0,NAN
103,NAN,0,0,NAN
104,NAN,0,0,NAN
105,NAN,0,0,NAN
106,NAN,0,0,NAN
107,NAN,0,0,NAN
108,NAN,0,0,NAN
109,NAN,0,0,NAN
110,NAN,0,0,NAN
111,NAN,0,0,NAN
112,NAN,0,0,NAN
113,NAN,0,0,NAN
114,NAN,0,0,NAN
115,NAN,0,0,NAN
116,NAN,0,0,NAN
117,NAN,0,0,NAN
118,NAN,0,0,NAN
119,NAN,0,0,NAN
120,NAN,0,0,NAN
121,NAN,0,0,NAN
122,NAN,0,0,NAN
123,NAN,0,0,NAN
124,NAN,0,0,NAN
125,NAN,0,0,NAN
126,NAN,0,0,NAN
127,NAN,0,0,NAN
128,NAN,0,0,NAN
129,NAN,0,0,NAN
130,NAN,0,0,NAN
131,NAN,0,0,NAN
132,NAN,0,0,NAN
133,NAN,0,0,NAN
134,NAN,0,0,NAN
135,NAN,0,0,NAN
136,NAN,0,0,NAN
137,NAN,0,0,NAN
138,NAN,0,0,NAN
139,NAN,0,0,NAN
140,NAN,0,0,NAN
141,NAN,0,0,NAN
142,NAN,0,0,NAN
143,NAN,0,0,NAN
144,NAN,0,0,NAN
145,NAN,0,0,NAN
146,NAN,0,0,NAN
147,NAN,0,0,NAN
148,NAN,0,0,NAN
149,NAN,0,0,NAN
150,NAN,0,0,NAN
1,0.972348,48984,197271,0.992988
2,0.94668,47902,194068,0.986288
3,0.899804,45899,189199,0.973697
4,0.82191,42704,179801,0.951056
5,0.700666,37026,163614,0.911844
6,0.545353,28366,136784,0.852598
7,0.374664,18399,104575,0.773003
8,0.228782,9386,69788,0.688055
9,0.132991,3855,40496,0.617054
10,0.0711042,1143,19446,0.565652
11,0.0355485,245,7639,0.534719
12,0.0123633,26,2183,0.512441
13,0.0102041,3,311,0.516611
14,0,0,85,0.5
15,NAN,0,0,NAN
16,NAN,0,0,NAN
17,NAN,0,0,NAN
18,NAN,0,0,NAN
19,NAN,0,0,NAN
20,NAN,0,0,NAN
21,NAN,0,0,NAN
22,NAN,0,0,NAN
23,NAN,0,0,NAN
24,NAN,0,0,NAN
25,NAN,0,0,NAN
26,NAN,0,0,NAN
27,NAN,0,0,NAN
28,NAN,0,0,NAN
29,NAN,0,0,NAN
30,NAN,0,0,NAN
31,NAN,0,0,NAN
32,NAN,0,0,NAN
33,NAN,0,0,NAN
34,NAN,0,0,NAN
35,NAN,0,0,NAN
36,NAN,0,0,NAN
37,NAN,0,0,NAN
38,NAN,0,0,NAN
39,NAN,0,0,NAN
40,NAN,0,0,NAN
41,NAN,0,0,NAN
42,NAN,0,0,NAN
43,NAN,0,0,NAN
44,NAN,0,0,NAN
45,NAN,0,0,NAN
46,NAN,0,0,NAN
47,NAN,0,0,NAN
48,NAN,0,0,NAN
49,NAN,0,0,NAN
50,NAN,0,0,NAN
51,NAN,0,0,NAN
52,NAN,0,0,NAN
53,NAN,0,0,NAN
54,NAN,0,0,NAN
55,NAN,0,0,NAN
56,NAN,0,0,NAN
57,NAN,0,0,NAN
58,NAN,0,0,NAN
59,NAN,0,0,NAN
60,NAN,0,0,NAN
61,NAN,0,0,NAN
62,NAN,0,0,NAN
63,NAN,0,0,NAN
64,NAN,0,0,NAN
65,NAN,0,0,NAN
66,NAN,0,0,NAN
67,NAN,0,0,NAN
68,NAN,0,0,NAN
69,NAN,0,0,NAN
70,NAN,0,0,NAN
71,NAN,0,0,NAN
72,NAN,0,0,NAN
73,NAN,0,0,NAN
74,NAN,0,0,NAN
75,NAN,0,0,NAN
76,NAN,0,0,NAN
77,NAN,0,0,NAN
78,NAN,0,0,NAN
79,NAN,0,0,NAN
80,NAN,0,0,NAN
81,NAN,0,0,NAN
82,NAN,0,0,NAN
83,NAN,0,0,NAN
84,NAN,0,0,NAN
85,NAN,0,0,NAN
86,NAN,0,0,NAN
87,NAN,0,0,NAN
88,NAN,0,0,NAN
89,NAN,0,0,NAN
90,NAN,0,0,NAN
91,NAN,0,0,NAN
92,NAN,0,0,NAN
93,NAN,0,0,NAN
94,NAN,0,0,NAN
95,NAN,0,0,NAN
96,NAN,0,0,NAN
97,NAN,0,0,NAN
98,NAN,0,0,NAN
99,NAN,0,0,NAN
100,NAN,0,0,NAN
101,NAN,0,0,NAN
102,NAN,0,0,NAN
103,NAN,0,0,NAN
104,NAN,0,0,NAN
105,NAN,0,0,NAN
106,NAN,0,0,NAN
107,NAN,0,0,NAN
108,NAN,0,0,NAN
109,NAN,0,0,NAN
110,NAN,0,0,NAN
111,NAN,0,0,NAN
112,NAN,0,0,NAN
113,NAN,0,0,NAN
114,NAN,0,0,NAN
115,NAN,0,0,NAN
116,NAN,0,0,NAN
117,NAN,0,0,NAN
118,NAN,0,0,NAN
119,NAN,0,0,NAN
120,NAN,0,0,NAN
121,NAN,0,0,NAN
122,NAN,0,0,NAN
123,NAN,0,0,NAN
124,NAN,0,0,NAN
125,NAN,0,0,NAN
126,NAN,0,0,NAN
127,NAN,0,0,NAN
128,NAN,0,0,NAN
129,NAN,0,0,NAN
130,NAN,0,0,NAN
131,NAN,0,0,NAN
132,NAN,0,0,NAN
133,NAN,0,0,NAN
134,NAN,0,0,NAN
135,NAN,0,0,NAN
136,NAN,0,0,NAN
137,NAN,0,0,NAN
138,NAN,0,0,NAN
139,NAN,0,0,NAN
140,NAN,0,0,NAN
141,NAN,0,0,NAN
142,NAN,0,0,NAN
143,NAN,0,0,NAN
144,NAN,0,0,NAN
145,NAN,0,0,NAN
146,NAN,0,0,NAN
147,NAN,0,0,NAN
148,NAN,0,0,NAN
149,NAN,0,0,NAN
150,NAN,0,0,NAN
1,0.971926,48988,197439,0.992884
2,0.941257,47878,194570,0.984875
3,0.886354,45758,188649,0.969838
4,0.79385,41304,176230,0.942628
5,0.664194,35272,158305,0.898756
6,0.502777,25980,128925,0.833829
7,0.33684,15977,95109,0.75147
8,0.199942,7591,60823,0.666933
9,0.111329,2843,33606,0.596909
10,0.0556094,688,14416,0.552337
11,0.0251868,118,5093,0.527226
12,0.004954,7,1446,0.507013
13,0,0,153,0.5
14,NAN,0,0,NAN
15,NAN,0,0,NAN
16,NAN,0,0,NAN
17,NAN,0,0,NAN
18,NAN,0,0,NAN
19,NAN,0,0,NAN
20,NAN,0,0,NAN
21,NAN,0,0,NAN
22,NAN,0,0,NAN
23,NAN,0,0,NAN
24,NAN,0,0,NAN
25,NAN,0,0,NAN
26,NAN,0,0,NAN
27,NAN,0,0,NAN
28,NAN,0,0,NAN
29,NAN,0,0,NAN
30,NAN,0,0,NAN
31,NAN,0,0,NAN
32,NAN,0,0,NAN
33,NAN,0,0,NAN
34,NAN,0,0,NAN
35,NAN,0,0,NAN
36,NAN,0,0,NAN
37,NAN,0,0,NAN
38,NAN,0,0,NAN
39,NAN,0,0,NAN
40,NAN,0,0,NAN
41,NAN,0,0,NAN
42,NAN,0,0,NAN
43,NAN,0,0,NAN
44,NAN,0,0,NAN
45,NAN,0,0,NAN
46,NAN,0,0,NAN
47,NAN,0,0,NAN
48,NAN,0,0,NAN
49,NAN,0,0,NAN
50,NAN,0,0,NAN
51,NAN,0,0,NAN
52,NAN,0,0,NAN
53,NAN,0,0,NAN
54,NAN,0,0,NAN
55,NAN,0,0,NAN
56,NAN,0,0,NAN
57,NAN,0,0,NAN
58,NAN,0,0,NAN
59,NAN,0,0,NAN
60,NAN,0,0,NAN
61,NAN,0,0,NAN
62,NAN,0,0,NAN
63,NAN,0,0,NAN
64,NAN,0,0,NAN
65,NAN,0,0,NAN
66,NAN,0,0,NAN
67,NAN,0,0,NAN
68,NAN,0,0,NAN
69,NAN,0,0,NAN
70,NAN,0,0,NAN
71,NAN,0,0,NAN
72,NAN,0,0,NAN
73,NAN,0,0,NAN
74,NAN,0,0,NAN
75,NAN,0,0,NAN
76,NAN,0,0,NAN
77,NAN,0,0,NAN
78,NAN,0,0,NAN
79,NAN,0,0,NAN
80,NAN,0,0,NAN
81,NAN,0,0,NAN
82,NAN,0,0,NAN
83,NAN,0,0,NAN
84,NAN,0,0,NAN
85,NAN,0,0,NAN
86,NAN,0,0,NAN
87,NAN,0,0,NAN
88,NAN,0,0,NAN
89,NAN,0,0,NAN
90,NAN,0,0,NAN
91,NAN,0,0,NAN
92,NAN,0,0,NAN
93,NAN,0,0,NAN
94,NAN,0,0,NAN
95,NAN,0,0,NAN
96,NAN,0,0,NAN
97,NAN,0,0,NAN
98,NAN,0,0,NAN
99,NAN,0,0,NAN
100,NAN,0,0,NAN
101,NAN,0,0,NAN
102,NAN,0,0,NAN
103,NAN,0,0,NAN
104,NAN,0,0,NAN
105,NAN,0,0,NAN
106,NAN,0,0,NAN
107,NAN,0,0,NAN
108,NAN,0,0,NAN
109,NAN,0,0,NAN
110,NAN,0,0,NAN
111,NAN,0,0,NAN
112,NAN,0,0,NAN
113,NAN,0,0,NAN
114,NAN,0,0,NAN
115,NAN,0,0,NAN
116,NAN,0,0,NAN
117,NAN,0,0,NAN
118,NAN,0,0,NAN
119,NAN,0,0,NAN
120,NAN,0,0,NAN
121,NAN,0,0,NAN
122,NAN,0,0,NAN
123,NAN,0,0,NAN
124,NAN,0,0,NAN
125,NAN,0,0,NAN
126,NAN,0,0,NAN
127,NAN,0,0,NAN
128,NAN,0,0,NAN
129,NAN,0,0,NAN
130,NAN,0,0,NAN
131,NAN,0,0,NAN
132,NAN,0,0,NAN
133,NAN,0,0,NAN
134,NAN,0,0,NAN
135,NAN,0,0,NAN
136,NAN,0,0,NAN
137,NAN,0,0,NAN
138,NAN,0,0,NAN
139,NAN,0,0,NAN
140,NAN,0,0,NAN
141,NAN,0,0,NAN
142,NAN,0,0,NAN
143,NAN,0,0,NAN
144,NAN,0,0,NAN
145,NAN,0,0,NAN
146,NAN,0,0,NAN
147,NAN,0,0,NAN
148,NAN,0,0,NAN
149,NAN,0,0,NAN
150,NAN,0,0,NAN
1,0.970148,48715,196859,0.992443
2,0.943258,47992,194833,0.985399
3,0.890649,45717,187969,0.971005
4,0.803153,41466,176229,0.945475
5,0.671314,35532,159209,0.901493
6,0.506992,26466,131436,0.836256
7,0.340288,16326,96897,0.753781
8,0.202815,7853,62159,0.66819
9,0.115894,2908,33844,0.604055
10,0.0569762,791,16224,0.553418
11,0.0319068,167,5729,0.53066
12,0.00975927,15,1586,0.510296
13,0,0,209,0.5
14,NAN,0,0,NAN
15,NAN,0,0,NAN
16,NAN,0,0,NAN
17,NAN,0,0,NAN
18,NAN,0,0,NAN
19,NAN,0,0,NAN
20,NAN,0,0,NAN
21,NAN,0,0,NAN
22,NAN,0,0,NAN
23,NAN,0,0,NAN
24,NAN,0,0,NAN
25,NAN,0,0,NAN
26,NAN,0,0,NAN
27,NAN,0,0,NAN
28,NAN,0,0,NAN
29,NAN,0,0,NAN
30,NAN,0,0,NAN
31,NAN,0,0,NAN
32,NAN,0,0,NAN
33,NAN,0,0,NAN
34,NAN,0,0,NAN
35,NAN,0,0,NAN
36,NAN,0,0,NAN
37,NAN,0,0,NAN
38,NAN,0,0,NAN
39,NAN,0,0,NAN
40,NAN,0,0,NAN
41,NAN,0,0,NAN
42,NAN,0,0,NAN
43,NAN,0,0,NAN
44,NAN,0,0,NAN
45,NAN,0,0,NAN
46,NAN,0,0,NAN
47,NAN,0,0,NAN
48,NAN,0,0,NAN
49,NAN,0,0,NAN
50,NAN,0,0,NAN
51,NAN,0,0,NAN
52,NAN,0,0,NAN
53,NAN,0,0,NAN
54,NAN,0,0,NAN
55,NAN,0,0,NAN
56,NAN,0,0,NAN
57,NAN,0,0,NAN
58,NAN,0,0,NAN
59,NAN,0,0,NAN
60,NAN,0,0,NAN
61,NAN,0,0,NAN
62,NAN,0,0,NAN
63,NAN,0,0,NAN
64,NAN,0,0,NAN
65,NAN,0,0,NAN
66,NAN,0,0,NAN
67,NAN,0,0,NAN
68,NAN,0,0,NAN
69,NAN,0,0,NAN
70,NAN,0,0,NAN
71,NAN,0,0,NAN
72,NAN,0,0,NAN
73,NAN,0,0,NAN
74,NAN,0,0,NAN
75,NAN,0,0,NAN
76,NAN,0,0,NAN
77,NAN,0,0,NAN
78,NAN,0,0,NAN
79,NAN,0,0,NAN
80,NAN,0,0,NAN
81,NAN,0,0,NAN
82,NAN,0,0,NAN
83,NAN,0,0,NAN
84,NAN,0,0,NAN
85,NAN,0,0,NAN
86,NAN,0,0,NAN
87,NAN,0,0,NAN
88,NAN,0,0,NAN
89,NAN,0,0,NAN
90,NAN,0,0,NAN
91,NAN,0,0,NAN
92,NAN,0,0,NAN
93,NAN,0,0,NAN
94,NAN,0,0,NAN
95,NAN,0,0,NAN
96,NAN,0,0,NAN
97,NAN,0,0,NAN
98,NAN,0,0,NAN
99,NAN,0,0,NAN
100,NAN,0,0,NAN
101,NAN,0,0,NAN
102,NAN,0,0,NAN
103,NAN,0,0,NAN
104,NAN,0,0,NAN
105,NAN,0,0,NAN
106,NAN,0,0,NAN
107,NAN,0,0,NAN
108,NAN,0,0,NAN
109,NAN,0,0,NAN
110,NAN,0,0,NAN
111,NAN,0,0,NAN
112,NAN,0,0,NAN
113,NAN,0,0,NAN
114,NAN,0,0,NAN
115,NAN,0,0,NAN
116,NAN,0,0,NAN
117,NAN,0,0,NAN
118,NAN,0,0,NAN
119,NAN,0,0,NAN
120,NAN,0,0,NAN
121,NAN,0,0,NAN
122,NAN,0,0,NAN
123,NAN,0,0,NAN
124,NAN,0,0,NAN
125,NAN,0,0,NAN
126,NAN,0,0,NAN
127,NAN,0,0,NAN
128,NAN,0,0,NAN
129,NAN,0,0,NAN
130,NAN,0,0,NAN
131,NAN,0,0,NAN
132,NAN,0,0,NAN
133,NAN,0,0,NAN
134,NAN,0,0,NAN
135,NAN,0,0,NAN
136,NAN,0,0,NAN
137,NAN,0,0,NAN
138,NAN,0,0,NAN
139,NAN,0,0,NAN
140,NAN,0,0,NAN
141,NAN,0,0,NAN
142,NAN,0,0,NAN
143,NAN,0,0,NAN
144,NAN,0,0,NAN
145,NAN,0,0,NAN
146,NAN,0,0,NAN
147,NAN,0,0,NAN
148,NAN,0,0,NAN
149,NAN,0,0,NAN
150,NAN,0,0,NAN
1,0.961188,48267,195285,0.990118
2,0.925796,46749,190895,0.980749
3,0.861213,44039,184011,0.962864
4,0.759563,40171,172744,0.931435
5,0.612774,32197,149294,0.880064
6,0.439596,22535,118596,0.805001
7,0.280792,12534,82766,0.720519
8,0.16009,5428,50478,0.639318
9,0.0811879,1684,25876,0.575867
10,0.0396585,367,10425,0.53982
11,0.0245669,78,3411,0.524124
12,0.0121507,10,855,0.51259
13,0,0,119,0.5
14,NAN,0,0,NAN
15,NAN,0,0,NAN
16,NAN,0,0,NAN
17,NAN,0,0,NAN
18,NAN,0,0,NAN
19,NAN,0,0,NAN
20,NAN,0,0,NAN
21,NAN,0,0,NAN
22,NAN,0,0,NAN
23,NAN,0,0,NAN
24,NAN,0,0,NAN
25,NAN,0,0,NAN
26,NAN,0,0,NAN
27,NAN,0,0,NAN
28,NAN,0,0,NAN
29,NAN,0,0,NAN
30,NAN,0,0,NAN
31,NAN,0,0,NAN
32,NAN,0,0,NAN
33,NAN,0,0,NAN
34,NAN,0,0,NAN
35,NAN,0,0,NAN
36,NAN,0,0,NAN
37,NAN,0,0,NAN
38,NAN,0,0,NAN
39,NAN,0,0,NAN
40,NAN,0,0,NAN
41,NAN,0,0,NAN
42,NAN,0,0,NAN
43,NAN,0,0,NAN
44,NAN,0,0,NAN
45,NAN,0,0,NAN
46,NAN,0,0,NAN
47,NAN,0,0,NAN
48,NAN,0,0,NAN
49,NAN,0,0,NAN
50,NAN,0,0,NAN
51,NAN,0,0,NAN
52,NAN,0,0,NAN
53,NAN,0,0,NAN
54,NAN,0,0,NAN
55,NAN,0,0,NAN
56,NAN,0,0,NAN
57,NAN,0,0,NAN
58,NAN,0,0,NAN
59,NAN,0,0,NAN
60,NAN,0,0,NAN
61,NAN,0,0,NAN
62,NAN,0,0,NAN
63,NAN,0,0,NAN
64,NAN,0,0,NAN
65,NAN,0,0,NAN
66,NAN,0,0,NAN
67,NAN,0,0,NAN
68,NAN,0,0,NAN
69,NAN,0,0,NAN
70,NAN,0,0,NAN
71,NAN,0,0,NAN
72,NAN,0,0,NAN
73,NAN,0,0,NAN
74,NAN,0,0,NAN
75,NAN,0,0,NAN
76,NAN,0,0,NAN
77,NAN,0,0,NAN
78,NAN,0,0,NAN
79,NAN,0,0,NAN
80,NAN,0,0,NAN
81,NAN,0,0,NAN
82,NAN,0,0,NAN
83,NAN,0,0,NAN
84,NAN,0,0,NAN
85,NAN,0,0,NAN
86,NAN,0,0,NAN
87,NAN,0,0,NAN
88,NAN,0,0,NAN
89,NAN,0,0,NAN
90,NAN,0,0,NAN
91,NAN,0,0,NAN
92,NAN,0,0,NAN
93,NAN,0,0,NAN
94,NAN,0,0,NAN
95,NAN,0,0,NAN
96,NAN,0,0,NAN
97,NAN,0,0,NAN
98,NAN,0,0,NAN
99,NAN,0,0,NAN
100,NAN,0,0,NAN
101,NAN,0,0,NAN
102,NAN,0,0,NAN
103,NAN,0,0,NAN
104,NAN,0,0,NAN
105,NAN,0,0,NAN
106,NAN,0,0,NAN
107,NAN,0,0,NAN
108,NAN,0,0,NAN
109,NAN,0,0,NAN
110,NAN,0,0,NAN
111,NAN,0,0,NAN
112,NAN,0,0,NAN
113,NAN,0,0,NAN
114,NAN,0,0,NAN
115,NAN,0,0,NAN
116,NAN,0,0,NAN
117,NAN,0,0,NAN
118,NAN,0,0,NAN
119,NAN,0,0,NAN
120,NAN,0,0,NAN
121,NAN,0,0,NAN
122,NAN,0,0,NAN
123,NAN,0,0,NAN
124,NAN,0,0,NAN
125,NAN,0,0,NAN
126,NAN,0,0,NAN
127,NAN,0,0,NAN
128,NAN,0,0,NAN
129,NAN,0,0,NAN
130,NAN,0,0,NAN
131,NAN,0,0,NAN
132,NAN,0,0,NAN
133,NAN,0,0,NAN
134,NAN,0,0,NAN
135,NAN,0,0,NAN
136,NAN,0,0,NAN
137,NAN,0,0,NAN
138,NAN,0,0,NAN
139,NAN,0,0,NAN
140,NAN,0,0,NAN
141,NAN,0,0,NAN
142,NAN,0,0,NAN
143,NAN,0,0,NAN
144,NAN,0,0,NAN
145,NAN,0,0,NAN
146,NAN,0,0,NAN
147,NAN,0,0,NAN
148,NAN,0,0,NAN
149,NAN,0,0,NAN
150,NAN,0,0,NAN
1,0.964826,48770,197074,0.991059
2,0.934714,47662,193279,0.983068
3,0.877845,44893,186663,0.967617
4,0.781973,40887,175538,0.939017
5,0.647594,34338,155786,0.8929
6,0.476187,24826,126581,0.822542
7,0.310986,14445,90146,0.737994
8,0.178645,6617,56597,0.650391
9,0.100063,2216,29050,0.593099
10,0.0485733,589,13793,0.544532
11,0.0235446,91,4148,0.523605
12,0.0115789,11,983,0.511446
13,0.0661157,8,147,0.565385
14,0,0,109,0.5
15,NAN,0,0,NAN
16,NAN,0,0,NAN
17,NAN,0,0,NAN
18,NAN,0,0,NAN
19,NAN,0,0,NAN
20,NAN,0,0,NAN
21,NAN,0,0,NAN
22,NAN,0,0,NAN
23,NAN,0,0,NAN
24,NAN,0,0,NAN
25,NAN,0,0,NAN
26,NAN,0,0,NAN
27,NAN,0,0,NAN
28,NAN,0,0,NAN
29,NAN,0,0,NAN
30,NAN,0,0,NAN
31,NAN,0,0,NAN
32,NAN,0,0,NAN
33,NAN,0,0,NAN
34,NAN,0,0,NAN
35,NAN,0,0,NAN
36,NAN,0,0,NAN
37,NAN,0,0,NAN
38,NAN,0,0,NAN
39,NAN,0,0,NAN
40,NAN,0,0,NAN
41,NAN,0,0,NAN
42,NAN,0,0,NAN
43,NAN,0,0,NAN
44,NAN,0,0,NAN
45,NAN,0,0,NAN
46,NAN,0,0,NAN
47,NAN,0,0,NAN
48,NAN,0,0,NAN
49,NAN,0,0,NAN
50,NAN,0,0,NAN
51,NAN,0,0,NAN
52,NAN,0,0,NAN
53,NAN,0,0,NAN
54,NAN,0,0,NAN
55,NAN,0,0,NAN
56,NAN,0,0,NAN
57,NAN,0,0,NAN
58,NAN,0,0,NAN
59,NAN,0,0,NAN
60,NAN,0,0,NAN
61,NAN,0,0,NAN
62,NAN,0,0,NAN
63,NAN,0,0,NAN
64,NAN,0,0,NAN
65,NAN,0,0,NAN
66,NAN,0,0,NAN
67,NAN,0,0,NAN
68,NAN,0,0,NAN
69,NAN,0,0,NAN
70,NAN,0,0,NAN
71,NAN,0,0,NAN
72,NAN,0,0,NAN
73,NAN,0,0,NAN
74,NAN,0,0,NAN
75,NAN,0,0,NAN
76,NAN,0,0,NAN
77,NAN,0,0,NAN
78,NAN,0,0,NAN
79,NAN,0,0,NAN
80,NAN,0,0,NAN
81,NAN,0,0,NAN
82,NAN,0,0,NAN
83,NAN,0,0,NAN
84,NAN,0,0,NAN
85,NAN,0,0,NAN
86,NAN,0,0,NAN
87,NAN,0,0,NAN
88,NAN,0,0,NAN
89,NAN,0,0,NAN
90,NAN,0,0,NAN
91,NAN,0,0,NAN
92,NAN,0,0,NAN
93,NAN,0,0,NAN
94,NAN,0,0,NAN
95,NAN,0,0,NAN
96,NAN,0,0,NAN
97,NAN,0,0,NAN
98,NAN,0,0,NAN
99,NAN,0,0,NAN
100,NAN,0,0,NAN
101,NAN,0,0,NAN
102,NAN,0,0,NAN
103,NAN,0,0,NAN
104,NAN,0,0,NAN
105,NAN,0,0,NAN
106,NAN,0,0,NAN
107,NAN,0,0,NAN
108,NAN,0,0,NAN
109,NAN,0,0,NAN
110,NAN,0,0,NAN
111,NAN,0,0,NAN
112,NAN,0,0,NAN
113,NAN,0,0,NAN
114,NAN,0,0,NAN
115,NAN,0,0,NAN
116,NAN,0,0,NAN
117,NAN,0,0,NAN
118,NAN,0,0,NAN
119,NAN,0,0,NAN
120,NAN,0,0,NAN
121,NAN,0,0,NAN
122,NAN,0,0,NAN
123,NAN,0,0,NAN
124,NAN,0,0,NAN
125,NAN,0,0,NAN
126,NAN,0,0,NAN
127,NAN,0,0,NAN
128,NAN,0,0,NAN
129,NAN,0,0,NAN
130,NAN,0,0,NAN
131,NAN,0,0,NAN
132,NAN,0,0,NAN
133,NAN,0,0,NAN
134,NAN,0,0,NAN
135,NAN,0,0,NAN
136,NAN,0,0,NAN
137,NAN,0,0,NAN
138,NAN,0,0,NAN
139,NAN,0,0,NAN
140,NAN,0,0,NAN
141,NAN,0,0,NAN
142,NAN,0,0,NAN
143,NAN,0,0,NAN
144,NAN,0,0,NAN
145,NAN,0,0,NAN
146,NAN,0,0,NAN
147,NAN,0,0,NAN
148,NAN,0,0,NAN
149,NAN,0,0,NAN
150,NAN,0,0,NAN
1,0.961405,48749,196571,0.990142
2,0.927983,47342,192740,0.981295
3,0.865221,44314,184143,0.963867
4,0.771128,40030,172427,0.935537
5,0.622129,32905,151932,0.883747
6,0.450352,23208,120923,0.810215
7,0.29034,13270,85125,0.724098
8,0.169728,5784,51590,0.645811
9,0.0951409,2052,27802,0.587557
10,0.0441349,488,12469,0.541236
11,0.0144134,50,3617,0.51407
12,0,0,524,0.5
13,NAN,0,0,NAN
14,NAN,0,0,NAN
15,NAN,0,0,NAN
16,NAN,0,0,NAN
17,NAN,0,0,NAN
18,NAN,0,0,NAN
19,NAN,0,0,NAN
20,NAN,0,0,NAN
21,NAN,0,0,NAN
22,NAN,0,0,NAN
23,NAN,0,0,NAN
24,NAN,0,0,NAN
25,NAN,0,0,NAN
26,NAN,0,0,NAN
27,NAN,0,0,NAN
28,NAN,0,0,NAN
29,NAN,0,0,NAN
30,NAN,0,0,NAN
31,NAN,0,0,NAN
32,NAN,0,0,NAN
33,NAN,0,0,NAN
34,NAN,0,0,NAN
35,NAN,0,0,NAN
36,NAN,0,0,NAN
37,NAN,0,0,NAN
38,NAN,0,0,NAN
39,NAN,0,0,NAN
40,NAN,0,0,NAN
41,NAN,0,0,NAN
42,NAN,0,0,NAN
43,NAN,0,0,NAN
44,NAN,0,0,NAN
45,NAN,0,0,NAN
46,NAN,0,0,NAN
47,NAN,0,0,NAN
48,NAN,0,0,NAN
49,NAN,0,0,NAN
50,NAN,0,0,NAN
51,NAN,0,0,NAN
52,NAN,0,0,NAN
53,NAN,0,0,NAN
54,NAN,0,0,NAN
55,NAN,0,0,NAN
56,NAN,0,0,NAN
57,NAN,0,0,NAN
58,NAN,0,0,NAN
59,NAN,0,0,NAN
60,NAN,0,0,NAN
61,NAN,0,0,NAN
62,NAN,0,0,NAN
63,NAN,0,0,NAN
64,NAN,0,0,NAN
65,NAN,0,0,NAN
66,NAN,0,0,NAN
67,NAN,0,0,NAN
68,NAN,0,0,NAN
69,NAN,0,0,NAN
70,NAN,0,0,NAN
71,NAN,0,0,NAN
72,NAN,0,0,NAN
73,NAN,0,0,NAN
74,NAN,0,0,NAN
75,NAN,0,0,NAN
76,NAN,0,0,NAN
77,NAN,0,0,NAN
78,NAN,0,0,NAN
79,NAN,0,0,NAN
80,NAN,0,0,NAN
81,NAN,0,0,NAN
82,NAN,0,0,NAN
83,NAN,0,0,NAN
84,NAN,0,0,NAN
85,NAN,0,0,NAN
86,NAN,0,0,NAN
87,NAN,0,0,NAN
88,NAN,0,0,NAN
89,NAN,0,0,NAN
90,NAN,0,0,NAN
91,NAN,0,0,NAN
92,NAN,0,0,NAN
93,NAN,0,0,NAN
94,NAN,0,0,NAN
95,NAN,0,0,NAN
96,NAN,0,0,NAN
97,NAN,0,0,NAN
98,NAN,0,0,NAN
99,NAN,0,0,NAN
100,NAN,0,0,NAN
101,NAN,0,0,NAN
102,NAN,0,0,NAN
103,NAN,0,0,NAN
104,NAN,0,0,NAN
105,NAN,0,0,NAN
106,NAN,0,0,NAN
107,NAN,0,0,NAN
108,NAN,0,0,NAN
109,NAN,0,0,NAN
110,NAN,0,0,NAN
111,NAN,0,0,NAN
112,NAN,0,0,NAN
113,NAN,0,0,NAN
114,NAN,0,0,NAN
115,NAN,0,0,NAN
116,NAN,0,0,NAN
117,NAN,0,0,NAN
118,NAN,0,0,NAN
119,NAN,0,0,NAN
120,NAN,0,0,NAN
121,NAN,0,0,NAN
122,NAN,0,0,NAN
123,NAN,0,0,NAN
124,NAN,0,0,NAN
125,NAN,0,0,NAN
126,NAN,0,0,NAN
127,NAN,0,0,NAN
128,NAN,0,0,NAN
129,NAN,0,0,NAN
130,NAN,0,0,NAN
131,NAN,0,0,NAN
132,NAN,0,0,NAN
133,NAN,0,0,NAN
134,NAN,0,0,NAN
135,NAN,0,0,NAN
136,NAN,0,0,NAN
137,NAN,0,0,NAN
138,NAN,0,0,NAN
139,NAN,0,0,NAN
140,NAN,0,0,NAN
141,NAN,0,0,NAN
142,NAN,0,0,NAN
143,NAN,0,0,NAN
144,NAN,0,0,NAN
145,NAN,0,0,NAN
146,NAN,0,0,NAN
147,NAN,0,0,NAN
148,NAN,0,0,NAN
149,NAN,0,0,NAN
150,NAN,0,0,NAN
1,0.962116,48634,196657,0.990356
2,0.928527,47587,192975,0.981372
3,0.867609,44137,184129,0.964713
4,0.768733,40174,173276,0.934798
5,0.625148,33231,152186,0.884227
6,0.456622,23511,121564,0.812909
7,0.292922,13284,85592,0.727464
8,0.176711,6146,53084,0.6496
9,0.0987722,2156,28198,0.589054
10,0.0572272,620,12586,0.552018
11,0.0296138,125,4604,0.529195
12,0.0126482,16,1301,0.510196
13,0,0,119,0.5
14,NAN,0,0,NAN
15,NAN,0,0,NAN
16,NAN,0,0,NAN
17,NAN,0,0,NAN
18,NAN,0,0,NAN
19,NAN,0,0,NAN
20,NAN,0,0,NAN
21,NAN,0,0,NAN
22,NAN,0,0,NAN
23,NAN,0,0,NAN
24,NAN,0,0,NAN
25,NAN,0,0,NAN
26,NAN,0,0,NAN
27,NAN,0,0,NAN
28,NAN,0,0,NAN
29,NAN,0,0,NAN
30,NAN,0,0,NAN
31,NAN,0,0,NAN
32,NAN,0,0,NAN
33,NAN,0,0,NAN
34,NAN,0,0,NAN
35,NAN,0,0,NAN
36,NAN,0,0,NAN
37,NAN,0,0,NAN
38,NAN,0,0,NAN
39,NAN,0,0,NAN
40,NAN,0,0,NAN
41,NAN,0,0,NAN
42,NAN,0,0,NAN
43,NAN,0,0,NAN
44,NAN,0,0,NAN
45,NAN,0,0,NAN
46,NAN,0,0,NAN
47,NAN,0,0,NAN
48,NAN,0,0,NAN
49,NAN,0,0,NAN
50,NAN,0,0,NAN
51,NAN,0,0,NAN
52,NAN,0,0,NAN
53,NAN,0,0,NAN
54,NAN,0,0,NAN
55,NAN,0,0,NAN
56,NAN,0,0,NAN
57,NAN,0,0,NAN
58,NAN,0,0,NAN
59,NAN,0,0,NAN
60,NAN,0,0,NAN
61,NAN,0,0,NAN
62,NAN,0,0,NAN
63,NAN,0,0,NAN
64,NAN,0,0,NAN
65,NAN,0,0,NAN
66,NAN,0,0,NAN
67,NAN,0,0,NAN
68,NAN,0,0,NAN
69,NAN,0,0,NAN
70,NAN,0,0,NAN
71,NAN,0,0,NAN
72,NAN,0,0,NAN
73,NAN,0,0,NAN
74,NAN,0,0,NAN
75,NAN,0,0,NAN
76,NAN,0,0,NAN
77,NAN,0,0,NAN
78,NAN,0,0,NAN
79,NAN,0,0,NAN
80,NAN,0,0,NAN
81,NAN,0,0,NAN
82,NAN,0,0,NAN
83,NAN,0,0,NAN
84,NAN,0,0,NAN
85,NAN,0,0,NAN
86,NAN,0,0,NAN
87,NAN,0,0,NAN
88,NAN,0,0,NAN
89,NAN,0,0,NAN
90,NAN,0,0,NAN
91,NAN,0,0,NAN
92,NAN,0,0,NAN
93,NAN,0,0,NAN
94,NAN,0,0,NAN
95,NAN,0,0,NAN
96,NAN,0,0,NAN
97,NAN,0,0,NAN
98,NAN,0,0,NAN
99,NAN,0,0,NAN
100,NAN,0,0,NAN
101,NAN,0,0,NAN
102,NAN,0,0,NAN
103,NAN,0,0,NAN
104,NAN,0,0,NAN
105,NAN,0,0,NAN
106,NAN,0,0,NAN
107,NAN,0,0,NAN
108,NAN,0,0,NAN
109,NAN,0,0,NAN
110,NAN,0,0,NAN
111,NAN,0,0,NAN
112,NAN,0,0,NAN
113,NAN,0,0,NAN
114,NAN,0,0,NAN
115,NAN,0,0,NAN
116,NAN,0,0,NAN
117,NAN,0,0,NAN
118,NAN,0,0,NAN
119,NAN,0,0,NAN
120,NAN,0,0,NAN
121,NAN,0,0,NAN
122,NAN,0,0,NAN
123,NAN,0,0,NAN
124,NAN,0,0,NAN
125,NAN,0,0,NAN
126,NAN,0,0,NAN
127,NAN,0,0,NAN
128,NAN,0,0,NAN
129,NAN,0,0,NAN
130,NAN,0,0,NAN
131,NAN,0,0,NAN
132,NAN,0,0,NAN
133,NAN,0,0,NAN
134,NAN,0,0,NAN
135,NAN,0,0,NAN
136,NAN,0,0,NAN
137,NAN,0,0,NAN
138,NAN,0,0,NAN
139,NAN,0,0,NAN
140,NAN,0,0,NAN
141,NAN,0,0,NAN
142,NAN,0,0,NAN
143,NAN,0,0,NAN
144,NAN,0,0,NAN
145,NAN,0,0,NAN
146,NAN,0,0,NAN
147,NAN,0,0,NAN
148,NAN,0,0,NAN
149,NAN,0,0,NAN
150,NAN,0,0,NAN
1,0.961995,48499,196588,0.990348
2,0.923699,47092,192254,0.980168
3,0.86145,44574,184587,0.962614
4,0.755769,39464,169855,0.930162
5,0.609081,31699,147417,0.878727
6,0.441036,22589,118659,0.805626
7,0.284985,12736,82830,0.721616
8,0.169351,5805,51179,0.642533
9,0.0951252,1926,26035,0.586956
10,0.0544673,570,12071,0.549531
11,0.0196592,75,4060,0.520513
12,0.00469484,4,868,0.505828
13,0,0,63,0.5
14,NAN,0,0,NAN
15,NAN,0,0,NAN
16,NAN,0,0,NAN
17,NAN,0,0,NAN
18,NAN,0,0,NAN
19,NAN,0,0,NAN
20,NAN,0,0,NAN
21,NAN,0,0,NAN
22,NAN,0,0,NAN
23,NAN,0,0,NAN
24,NAN,0,0,NAN
25,NAN,0,0,NAN
26,NAN,0,0,NAN
27,NAN,0,0,NAN
28,NAN,0,0,NAN
29,NAN,0,0,NAN
30,NAN,0,0,NAN
31,NAN,0,0,NAN
32,NAN,0,0,NAN
33,NAN,0,0,NAN
34,NAN,0,0,NAN
35,NAN,0,0,NAN
36,NAN,0,0,NAN
37,NAN,0,0,NAN
38,NAN,0,0,NAN
39,NAN,0,0,NAN
40,NAN,0,0,NAN
41,NAN,0,0,NAN
42,NAN,0,0,NAN
43,NAN,0,0,NAN
44,NAN,0,0,NAN
45,NAN,0,0,NAN
46,NAN,0,0,NAN
47,NAN,0,0,NAN
48,NAN,0,0,NAN
49,NAN,0,0,NAN
50,NAN,0,0,NAN
51,NAN,0,0,NAN
52,NAN,0,0,NAN
53,NAN,0,0,NAN
54,NAN,0,0,NAN
55,NAN,0,0,NAN
56,NAN,0,0,NAN
57,NAN,0,0,NAN
58,NAN,0,0,NAN
59,NAN,0,0,NAN
60,NAN,0,0,NAN
61,NAN,0,0,NAN
62,NAN,0,0,NAN
63,NAN,0,0,NAN
64,NAN,0,0,NAN
65,NAN,0,0,NAN
66,NAN,0,0,NAN
67,NAN,0,0,NAN
68,NAN,0,0,NAN
69,NAN,0,0,NAN
70,NAN,0,0,NAN
71,NAN,0,0,NAN
72,NAN,0,0,NAN
73,NAN,0,0,NAN
74,NAN,0,0,NAN
75,NAN,0,0,NAN
76,NAN,0,0,NAN
77,NAN,0,0,NAN
78,NAN,0,0,NAN
79,NAN,0,0,NAN
80,NAN,0,0,NAN
81,NAN,0,0,NAN
82,NAN,0,0,NAN
83,NAN,0,0,NAN
84,NAN,0,0,NAN
85,NAN,0,0,NAN
86,NAN,0,0,NAN
87,NAN,0,0,NAN
88,NAN,0,0,NAN
89,NAN,0,0,NAN
90,NAN,0,0,NAN
91,NAN,0,0,NAN
92,NAN,0,0,NAN
93,NAN,0,0,NAN
94,NAN,0,0,NAN
95,NAN,0,0,NAN
96,NAN,0,0,NAN
97,NAN,0,0,NAN
98,NAN,0,0,NAN
99,NAN,0,0,NAN
100,NAN,0,0,NAN
101,NAN,0,0,NAN
102,NAN,0,0,NAN
103,NAN,0,0,NAN
104,NAN,0,0,NAN
105,NAN,0,0,NAN
106,NAN,0,0,NAN
107,NAN,0,0,NAN
108,NAN,0,0,NAN
109,NAN,0,0,NAN
110,NAN,0,0,NAN
111,NAN,0,0,NAN
112,NAN,0,0,NAN
113,NAN,0,0,NAN
114,NAN,0,0,NAN
115,NAN,0,0,NAN
116,NAN,0,0,NAN
117,NAN,0,0,NAN
118,NAN,0,0,NAN
119,NAN,0,0,NAN
120,NAN,0,0,NAN
121,NAN,0,0,NAN
122,NAN,0,0,NAN
123,NAN,0,0,NAN
124,NAN,0,0,NAN
125,NAN,0,0,NAN
126,NAN,0,0,NAN
127,NAN,0,0,NAN
128,NAN,0,0,NAN
129,NAN,0,0,NAN
130,NAN,0,0,NAN
131,NAN,0,0,NAN
132,NAN,0,0,NAN
133,NAN,0,0,NAN
134,NAN,0,0,NAN
135,NAN,0,0,NAN
136,NAN,0,0,NAN
137,NAN,0,0,NAN
138,NAN,0,0,NAN
139,NAN,0,0,NAN
140,NAN,0,0,NAN
141,NAN,0,0,NAN
142,NAN,0,0,NAN
143,NAN,0,0,NAN
144,NAN,0,0,NAN
145,NAN,0,0,NAN
146,NAN,0,0,NAN
147,NAN,0,0,NAN
148,NAN,0,0,NAN
149,NAN,0,0,NAN
150,NAN,0,0,NAN
1,0.96315,49007,196907,0.990568
2,0.926842,47357,192158,0.980918
3,0.865296,44349,184082,0.963851
4,0.765759,39968,172030,0.933647
5,0.620397,32855,151181,0.882634
6,0.455832,23551,121349,0.811895
7,0.295975,13318,84653,0.727685
8,0.174986,6065,52773,0.648572
9,0.098403,2132,28198,0.590757
10,0.0505298,577,13266,0.550274
11,0.0240888,115,5119,0.523522
12,0.0148423,16,1138,0.517273
13,0,0,295,0.5
14,NAN,0,0,NAN
15,NAN,0,0,NAN
16,NAN,0,0,NAN
17,NAN,0,0,NAN
18,NAN,0,0,NAN
19,NAN,0,0,NAN
20,NAN,0,0,NAN
21,NAN,0,0,NAN
22,NAN,0,0,NAN
23,NAN,0,0,NAN
24,NAN,0,0,NAN
25,NAN,0,0,NAN
26,NAN,0,0,NAN
27,NAN,0,0,NAN
28,NAN,0,0,NAN
29,NAN,0,0,NAN
30,NAN,0,0,NAN
31,NAN,0,0,NAN
32,NAN,0,0,NAN
33,NAN,0,0,NAN
34,NAN,0,0,NAN
35,NAN,0,0,NAN
36,NAN,0,0,NAN
37,NAN,0,0,NAN
38,NAN,0,0,NAN
39,NAN,0,0,NAN
40,NAN,0,0,NAN
41,NAN,0,0,NAN
42,NAN,0,0,NAN
43,NAN,0,0,NAN
44,NAN,0,0,NAN
45,NAN,0,0,NAN
46,NAN,0,0,NAN
47,NAN,0,0,NAN
48,NAN,0,0,NAN
49,NAN,0,0,NAN
50,NAN,0,0,NAN
51,NAN,0,0,NAN
52,NAN,0,0,NAN
53,NAN,0,0,NAN
54,NAN,0,0,NAN
55,NAN,0,0,NAN
56,NAN,0,0,NAN
57,NAN,0,0,NAN
58,NAN,0,0,NAN
59,NAN,0,0,NAN
60,NAN,0,0,NAN
61,NAN,0,0,NAN
62,NAN,0,0,NAN
63,NAN,0,0,NAN
64,NAN,0,0,NAN
65,NAN,0,0,NAN
66,NAN,0,0,NAN
67,NAN,0,0,NAN
68,NAN,0,0,NAN
69,NAN,0,0,NAN
70,NAN,0,0,NAN
71,NAN,0,0,NAN
72,NAN,0,0,NAN
73,NAN,0,0,NAN
74,NAN,0,0,NAN
75,NAN,0,0,NAN
76,NAN,0,0,NAN
77,NAN,0,0,NAN
78,NAN,0,0,NAN
79,NAN,0,0,NAN
80,NAN,0,0,NAN
81,NAN,0,0,NAN
82,NAN,0,0,NAN
83,NAN,0,0,NAN
84,NAN,0,0,NAN
85,NAN,0,0,NAN
86,NAN,0,0,NAN
87,NAN,0,0,NAN
88,NAN,0,0,NAN
89,NAN,0,0,NAN
90,NAN,0,0,NAN
91,NAN,0,0,NAN
92,NAN,0,0,NAN
93,NAN,0,0,NAN
94,NAN,0,0,NAN
95,NAN,0,0,NAN
96,NAN,0,0,NAN
97,NAN,0,0,NAN
98,NAN,0,0,NAN
99,NAN,0,0,NAN
100,NAN,0,0,NAN
101,NAN,0,0,NAN
102,NAN,0,0,NAN
103,NAN,0,0,NAN
104,NAN,0,0,NAN
105,NAN,0,0,NAN
106,NAN,0,0,NAN
107,NAN,0,0,NAN
108,NAN,0,0,NAN
109,NAN,0,0,NAN
110,NAN,0,0,NAN
111,NAN,0,0,NAN
112,NAN,0,0,NAN
113,NAN,0,0,NAN
114,NAN,0,0,NAN
115,NAN,0,0,NAN
116,NAN,0,0,NAN
117,NAN,0,0,NAN
118,NAN,0,0,NAN
119,NAN,0,0,NAN
120,NAN,0,0,NAN
121,NAN,0,0,NAN
122,NAN,0,0,NAN
123,NAN,0,0,NAN
124,NAN,0,0,NAN
125,NAN,0,0,NAN
126,NAN,0,0,NAN
127,NAN,0,0,NAN
128,NAN,0,0,NAN
129,NAN,0,0,NAN
130,NAN,0,0,NAN
131,NAN,0,0,NAN
132,NAN,0,0,NAN
133,NAN,0,0,NAN
134,NAN,0,0,NAN
135,NAN,0,0,NAN
136,NAN,0,0,NAN
137,NAN,0,0,NAN
138,NAN,0,0,NAN
139,NAN,0,0,NAN
140,NAN,0,0,NAN
141,NAN,0,0,NAN
142,NAN,0,0,NAN
143,NAN,0,0,NAN
144,NAN,0,0,NAN
145,NAN,0,0,NAN
146,NAN,0,0,NAN
147,NAN,0,0,NAN
148,NAN,0,0,NAN
149,NAN,0,0,NAN
150,NAN,0,0,NAN
1,0.961959,48375,195877,0.990328
2,0.923397,47108,193008,0.980154
3,0.856253,43996,184024,0.961413
4,0.752176,39314,170333,0.929329
5,0.602999,31807,148493,0.876406
6,0.430609,22185,117185,0.799788
7,0.272941,11936,79319,0.713852
8,0.162837,5286,47890,0.637972
9,0.084639,1653,24747,0.580588
10,0.0509548,499,11132,0.544992
11,0.0270352,89,3549,0.525622
12,0.017094,14,869,0.519116
13,0.0174672,4,249,0.525316
14,0,0,95,0.5
15,NAN,0,0,NAN
16,NAN,0,0,NAN
17,NAN,0,0,NAN
18,NAN,0,0,NAN
19,NAN,0,0,NAN
20,NAN,0,0,NAN
21,NAN,0,0,NAN
22,NAN,0,0,NAN
23,NAN,0,0,NAN
24,NAN,0,0,NAN
25,NAN,0,0,NAN
26,NAN,0,0,NAN
27,NAN,0,0,NAN
28,NAN,0,0,NAN
29,NAN,0,0,NAN
30,NAN,0,0,NAN
31,NAN,0,0,NAN
32,NAN,0,0,NAN
33,NAN,0,0,NAN
34,NAN,0,0,NAN
35,NAN,0,0,NAN
36,NAN,0,0,NAN
37,NAN,0,0,NAN
38,NAN,0,0,NAN
39,NAN,0,0,NAN
40,NAN,0,0,NAN
41,NAN,0,0,NAN
42,NAN,0,0,NAN
43,NAN,0,0,NAN
44,NAN,0,0,NAN
45,NAN,0,0,NAN
46,NAN,0,0,NAN
47,NAN,0,0,NAN
48,NAN,0,0,NAN
49,NAN,0,0,NAN
50,NAN,0,0,NAN
51,NAN,0,0,NAN
52,NAN,0,0,NAN
53,NAN,0,0,NAN
54,NAN,0,0,NAN
55,NAN,0,0,NAN
56,NAN,0,0,NAN
57,NAN,0,0,NAN
58,NAN,0,0,NAN
59,NAN,0,0,NAN
60,NAN,0,0,NAN
61,NAN,0,0,NAN
62,NAN,0,0,NAN
63,NAN,0,0,NAN
64,NAN,0,0,NAN
65,NAN,0,0,NAN
66,NAN,0,0,NAN
67,NAN,0,0,NAN
68,NAN,0,0,NAN
69,NAN,0,0,NAN
70,NAN,0,0,NAN
71,NAN,0,0,NAN
72,NAN,0,0,NAN
73,NAN,0,0,NAN
74,NAN,0,0,NAN
75,NAN,0,0,NAN
76,NAN,0,0,NAN
77,NAN,0,0,NAN
78,NAN,0,0,NAN
79,NAN,0,0,NAN
80,NAN,0,0,NAN
81,NAN,0,0,NAN
82,NAN,0,0,NAN
83,NAN,0,0,NAN
84,NAN,0,0,NAN
85,NAN,0,0,NAN
86,NAN,0,0,NAN
87,NAN,0,0,NAN
88,NAN,0,0,NAN
89,NAN,0,0,NAN
90,NAN,0,0,NAN
91,NAN,0,0,NAN
92,NAN,0,0,NAN
93,NAN,0,0,NAN
94,NAN,0,0,NAN
95,NAN,0,0,NAN
96,NAN,0,0,NAN
97,NAN,0,0,NAN
98,NAN,0,0,NAN
99,NAN,0,0,NAN
100,NAN,0,0,NAN
101,NAN,0,0,NAN
102,NAN,0,0,NAN
103,NAN,0,0,NAN
104,NAN,0,0,NAN
105,NAN,0,0,NAN
106,NAN,0,0,NAN
107,NAN,0,0,NAN
108,NAN,0,0,NAN
109,NAN,0,0,NAN
110,NAN,0,0,NAN
111,NAN,0,0,NAN
112,NAN,0,0,NAN
113,NAN,0,0,NAN
114,NAN,0,0,NAN
115,NAN,0,0,NAN
116,NAN,0,0,NAN
117,NAN,0,0,NAN
118,NAN,0,0,NAN
119,NAN,0,0,NAN
120,NAN,0,0,NAN
121,NAN,0,0,NAN
122,NAN,0,0,NAN
123,NAN,0,0,NAN
124,NAN,0,0,NAN
125,NAN,0,0,NAN
126,NAN,0,0,NAN
127,NAN,0,0,NAN
128,NAN,0,0,NAN
129,NAN,0,0,NAN
130,NAN,0,0,NAN
131,NAN,0,0,NAN
132,NAN,0,0,NAN
133,NAN,0,0,NAN
134,NAN,0,0,NAN
135,NAN,0,0,NAN
136,NAN,0,0,NAN
137,NAN,0,0,NAN
138,NAN,0,0,NAN
139,NAN,0,0,NAN
140,NAN,0,0,NAN
141,NAN,0,0,NAN
142,NAN,0,0,NAN
143,NAN,0,0,NAN
144,NAN,0,0,NAN
145,NAN,0,0,NAN
146,NAN,0,0,NAN
147,NAN,0,0,NAN
148,NAN,0,0,NAN
149,NAN,0,0,NAN
150,NAN,0,0,NAN
1,0.961878,48520,196199,0.990294
2,0.924191,47082,192638,0.980346
3,0.86149,44471,184522,0.962697
4,0.763394,39440,169888,0.932876
5,0.613665,32550,150542,0.880188
6,0.441693,22620,119412,0.806816
7,0.280973,12766,83701,0.719266
8,0.16377,5531,50136,0.639669
9,0.0868743,1746,25364,0.580199
10,0.0453141,440,10948,0.541498
11,0.0157202,49,3256,0.514864
12,0,0,462,0.5
13,NAN,0,0,NAN
14,NAN,0,0,NAN
15,NAN,0,0,NAN
16,NAN,0,0,NAN
17,NAN,0,0,NAN
18,NAN,0,0,NAN
19,NAN,0,0,NAN
20,NAN,0,0,NAN
21,NAN,0,0,NAN
22,NAN,0,0,NAN
23,NAN,0,0,NAN
24,NAN,0,0,NAN
25,NAN,0,0,NAN
26,NAN,0,0,NAN
27,NAN,0,0,NAN
28,NAN,0,0,NAN
29,NAN,0,0,NAN
30,NAN,0,0,NAN
31,NAN,0,0,NAN
32,NAN,0,0,NAN
33,NAN,0,0,NAN
34,NAN,0,0,NAN
35,NAN,0,0,NAN
36,NAN,0,0,NAN
37,NAN,0,0,NAN
38,NAN,0,0,NAN
39,NAN,0,0,NAN
40,NAN,0,0,NAN
41,NAN,0,0,NAN
42,NAN,0,0,NAN
43,NAN,0,0,NAN
44,NAN,0,0,NAN
45,NAN,0,0,NAN
46,NAN,0,0,NAN
47,NAN,0,0,NAN
48,NAN,0,0,NAN
49,NAN,0,0,NAN
50,NAN,0,0,NAN
51,NAN,0,0,NAN
52,NAN,0,0,NAN
53,NAN,0,0,NAN
54,NAN,0,0,NAN
55,NAN,0,0,NAN
56,NAN,0,0,NAN
57,NAN,0,0,NAN
58,NAN,0,0,NAN
59,NAN,0,0,NAN
60,NAN,0,0,NAN
61,NAN,0,0,NAN
62,NAN,0,0,NAN
63,NAN,0,0,NAN
64,NAN,0,0,NAN
65,NAN,0,0,NAN
66,NAN,0,0,NAN
67,NAN,0,0,NAN
68,NAN,0,0,NAN
69,NAN,0,0,NAN
70,NAN,0,0,NAN
71,NAN,0,0,NAN
72,NAN,0,0,NAN
73,NAN,0,0,NAN
74,NAN,0,0,NAN
75,NAN,0,0,NAN
76,NAN,0,0,NAN
77,NAN,0,0,NAN
78,NAN,0,0,NAN
79,NAN,0,0,NAN
80,NAN,0,0,NAN
81,NAN,0,0,NAN
82,NAN,0,0,NAN
83,NAN,0,0,NAN
84,NAN,0,0,NAN
85,NAN,0,0,NAN
86,NAN,0,0,NAN
87,NAN,0,0,NAN
88,NAN,0,0,NAN
89,NAN,0,0,NAN
90,NAN,0,0,NAN
91,NAN,0,0,NAN
92,NAN,0,0,NAN
93,NAN,0,0,NAN
94,NAN,0,0,NAN
95,NAN,0,0,NAN
96,NAN,0,0,NAN
97,NAN,0,0,NAN
98,NAN,0,0,NAN
99,NAN,0,0,NAN
100,NAN,0,0,NAN
101,NAN,0,0,NAN
102,NAN,0,0,NAN
103,NAN,0,0,NAN
104,NAN,0,0,NAN
105,NAN,0,0,NAN
106,NAN,0,0,NAN
107,NAN,0,0,NAN
108,NAN,0,0,NAN
109,NAN,0,0,NAN
110,NAN,0,0,NAN
111,NAN,0,0,NAN
112,NAN,0,0,NAN
113,NAN,0,0,NAN
114,NAN,0,0,NAN
115,NAN,0,0,NAN
116,NAN,0,0,NAN
117,NAN,0,0,NAN
118,NAN,0,0,NAN
119,NAN,0,0,NAN
120,NAN,0,0,NAN
121,NAN,0,0,NAN
122,NAN,0,0,NAN
123,NAN,0,0,NAN
124,NAN,0,0,NAN
125,NAN,0,0,NAN
126,NAN,0,0,NAN
127,NAN,0,0,NAN
128,NAN,0,0,NAN
129,NAN,0,0,NAN
130,NAN,0,0,NAN
131,NAN,0,0,NAN
132,NAN,0,0,NAN
133,NAN,0,0,NAN
134,NAN,0,0,NAN
135,NAN,0,0,NAN
136,NAN,0,0,NAN
137,NAN,0,0,NAN
138,NAN,0,0,NAN
139,NAN,0,0,NAN
140,NAN,0,0,NAN
141,NAN,0,0,NAN
142,NAN,0,0,NAN
143,NAN,0,0,NAN
144,NAN,0,0,NAN
145,NAN,0,0,NAN
146,NAN,0,0,NAN
147,NAN,0,0,NAN
148,NAN,0,0,NAN
149,NAN,0,0,NAN
150,NAN,0,0,NAN
1,0.961773,48684,196091,0.990229
2,0.924806,46896,191879,0.980515
3,0.86001,44484,185225,0.962378
4,0.756995,39849,171294,0.930511
5,0.61459,32191,148489,0.880321
6,0.444788,22605,118137,0.8072
7,0.285692,12845,83782,0.722894
8,0.162096,5562,50921,0.639133
9,0.0825978,1675,25470,0.577892
10,0.0362484,349,10747,0.536652
11,0.0109961,34,3184,0.510093
12,0,0,329,0.5
13,NAN,0,0,NAN
14,NAN,0,0,NAN
15,NAN,0,0,NAN
16,NAN,0,0,NAN
17,NAN,0,0,NAN
18,NAN,0,0,NAN
19,NAN,0,0,NAN
20,NAN,0,0,NAN
21,NAN,0,0,NAN
22,NAN,0,0,NAN
23,NAN,0,0,NAN
24,NAN,0,0,NAN
25,NAN,0,0,NAN
26,NAN,0,0,NAN
27,NAN,0,0,NAN
28,NAN,0,0,NAN
29,NAN,0,0,NAN
30,NAN,0,0,NAN
31,NAN,0,0,NAN
32,NAN,0,0,NAN
33,NAN,0,0,NAN
34,NAN,0,0,NAN
35,NAN,0,0,NAN
36,NAN,0,0,NAN
37,NAN,0,0,NAN
38,NAN,0,0,NAN
39,NAN,0,0,NAN
40,NAN,0,0,NAN
41,NAN,0,0,NAN
42,NAN,0,0,NAN
43,NAN,0,0,NAN
44,NAN,0,0,NAN
45,NAN,0,0,NAN
46,NAN,0,0,NAN
47,NAN,0,0,NAN
48,NAN,0,0,NAN
49,NAN,0,0,NAN
50,NAN,0,0,NAN
51,NAN,0,0,NAN
52,NAN,0,0,NAN
53,NAN,0,0,NAN
54,NAN,0,0,NAN
55,NAN,0,0,NAN
56,NAN,0,0,NAN
57,NAN,0,0,NAN
58,NAN,0,0,NAN
59,NAN,0,0,NAN
60,NAN,0,0,NAN
61,NAN,0,0,NAN
62,NAN,0,0,NAN
63,NAN,0,0,NAN
64,NAN,0,0,NAN
65,NAN,0,0,NAN
66,NAN,0,0,NAN
67,NAN,0,0,NAN
68,NAN,0,0,NAN
69,NAN,0,0,NAN
70,NAN,0,0,NAN
71,NAN,0,0,NAN
72,NAN,0,0,NAN
73,NAN,0,0,NAN
74,NAN,0,0,NAN
75,NAN,0,0,NAN
76,NAN,0,0,NAN
77,NAN,0,0,NAN
78,NAN,0,0,NAN
79,NAN,0,0,NAN
80,NAN,0,0,NAN
81,NAN,0,0,NAN
82,NAN,0,0,NAN
83,NAN,0,0,NAN
84,NAN,0,0,NAN
85,NAN,0,0,NAN
86,NAN,0,0,NAN
87,NAN,0,0,NAN
88,NAN,0,0,NAN
89,NAN,0,0,NAN
90,NAN,0,0,NAN
91,NAN,0,0,NAN
92,NAN,0,0,NAN
93,NAN,0,0,NAN
94,NAN,0,0,NAN
95,NAN,0,0,NAN
96,NAN,0,0,NAN
97,NAN,0,0,NAN
98,NAN,0,0,NAN
99,NAN,0,0,NAN
100,NAN,0,0,NAN
101,NAN,0,0,NAN
102,NAN,0,0,NAN
103,NAN,0,0,NAN
104,NAN,0,0,NAN
105,NAN,0,0,NAN
106,NAN,0,0,NAN
107,NAN,0,0,NAN
108,NAN,0,0,NAN
109,NAN,0,0,NAN
110,NAN,0,0,NAN
111,NAN,0,0,NAN
112,NAN,0,0,NAN
113,NAN,0,0,NAN
114,NAN,0,0,NAN
115,NAN,0,0,NAN
116,NAN,0,0,NAN
117,NAN,0,0,NAN
118,NAN,0,0,NAN
119,NAN,0,0,NAN
120,NAN,0,0,NAN
121,NAN,0,0,NAN
122,NAN,0,0,NAN
123,NAN,0,0,NAN
124,NAN,0,0,NAN
125,NAN,0,0,NAN
126,NAN,0,0,NAN
127,NAN,0,0,NAN
128,NAN,0,0,NAN
129,NAN,0,0,NAN
130,NAN,0,0,NAN
131,NAN,0,0,NAN
132,NAN,0,0,NAN
133,NAN,0,0,NAN
134,NAN,0,0,NAN
135,NAN,0,0,NAN
136,NAN,0,0,NAN
137,NAN,0,0,NAN
138,NAN,0,0,NAN
139,NAN,0,0,NAN
140,NAN,0,0,NAN
141,NAN,0,0,NAN
142,NAN,0,0,NAN
143,NAN,0,0,NAN
144,NAN,0,0,NAN
145,NAN,0,0,NAN
146,NAN,0,0,NAN
147,NAN,0,0,NAN
148,NAN,0,0,NAN
149,NAN,0,0,NAN
150,NAN,0,0,NAN
1,0.963014,48534,197052,0.990629
2,0.930629,47772,193947,0.98197
3,0.870633,44929,185672,0.965292
4,0.767716,39879,171970,0.934437
5,0.619532,32829,151773,0.88274
6,0.440403,22919,121230,0.806308
7,0.289204,13199,84506,0.722607
8,0.169623,5699,50815,0.645565
9,0.0928915,1968,27094,0.585032
10,0.057538,595,12128,0.554448
11,0.0331213,151,4962,0.529562
12,0.0301058,37,1330,0.527359
13,0,0,368,0.5
14,NAN,0,0,NAN
15,NAN,0,0,NAN
16,NAN,0,0,NAN
17,NAN,0,0,NAN
18,NAN,0,0,NAN
19,NAN,0,0,NAN
20,NAN,0,0,NAN
21,NAN,0,0,NAN
22,NAN,0,0,NAN
23,NAN,0,0,NAN
24,NAN,0,0,NAN
25,NAN,0,0,NAN
26,NAN,0,0,NAN
27,NAN,0,0,NAN
28,NAN,0,0,NAN
29,NAN,0,0,NAN
30,NAN,0,0,NAN
31,NAN,0,0,NAN
32,NAN,0,0,NAN
33,NAN,0,0,NAN
34,NAN,0,0,NAN
35,NAN,0,0,NAN
36,NAN,0,0,NAN
37,NAN,0,0,NAN
38,NAN,0,0,NAN
39,NAN,0,0,NAN
40,NAN,0,0,NAN
41,NAN,0,0,NAN
42,NAN,0,0,NAN
43,NAN,0,0,NAN
44,NAN,0,0,NAN
45,NAN,0,0,NAN
46,NAN,0,0,NAN
47,NAN,0,0,NAN
48,NAN,0,0,NAN
49,NAN,0,0,NAN
50,NAN,0,0,NAN
51,NAN,0,0,NAN
52,NAN,0,0,NAN
53,NAN,0,0,NAN
54,NAN,0,0,NAN
55,NAN,0,0,NAN
56,NAN,0,0,NAN
57,NAN,0,0,NAN
58,NAN,0,0,NAN
59,NAN,0,0,NAN
60,NAN,0,0,NAN
61,NAN,0,0,NAN
62,NAN,0,0,NAN
63,NAN,0,0,NAN
64,NAN,0,0,NAN
65,NAN,0,0,NAN
66,NAN,0,0,NAN
67,NAN,0,0,NAN
68,NAN,0,0,NAN
69,NAN,0,0,NAN
70,NAN,0,0,NAN
71,NAN,0,0,NAN
72,NAN,0,0,NAN
73,NAN,0,0,NAN
74,NAN,0,0,NAN
75,NAN,0,0,NAN
76,NAN,0,0,NAN
77,NAN,0,0,NAN
78,NAN,0,0,NAN
79,NAN,0,0,NAN
80,NAN,0,0,NAN
81,NAN,0,0,NAN
82,NAN,0,0,NAN
83,NAN,0,0,NAN
84,NAN,0,0,NAN
85,NAN,0,0,NAN
86,NAN,0,0,NAN
87,NAN,0,0,NAN
88,NAN,0,0,NAN
89,NAN,0,0,NAN
90,NAN,0,0,NAN
91,NAN,0,0,NAN
92,NAN,0,0,NAN
93,NAN,0,0,NAN
94,NAN,0,0,NAN
95,NAN,0,0,NAN
96,NAN,0,0,NAN
97,NAN,0,0,NAN
98,NAN,0,0,NAN
99,NAN,0,0,NAN
100,NAN,0,0,NAN
101,NAN,0,0,NAN
102,NAN,0,0,NAN
103,NAN,0,0,NAN
104,NAN,0,0,NAN
105,NAN,0,0,NAN
106,NAN,0,0,NAN
107,NAN,0,0,NAN
108,NAN,0,0,NAN
109,NAN,0,0,NAN
110,NAN,0,0,NAN
111,NAN,0,0,NAN
112,NAN,0,0,NAN
113,NAN,0,0,NAN
114,NAN,0,0,NAN
115,NAN,0,0,NAN
116,NAN,0,0,NAN
117,NAN,0,0,NAN
118,NAN,0,0,NAN
119,NAN,0,0,NAN
120,NAN,0,0,NAN
121,NAN,0,0,NAN
122,NAN,0,0,NAN
123,NAN,0,0,NAN
124,NAN,0,0,NAN
125,NAN,0,0,NAN
126,NAN,0,0,NAN
127,NAN,0,0,NAN
128,NAN,0,0,NAN
129,NAN,0,0,NAN
130,NAN,0,0,NAN
131,NAN,0,0,NAN
132,NAN,0,0,NAN
133,NAN,0,0,NAN
134,NAN,0,0,NAN
135,NAN,0,0,NAN
136,NAN,0,0,NAN
137,NAN,0,0,NAN
138,NAN,0,0,NAN
139,NAN,0,0,NAN
140,NAN,0,0,NAN
141,NAN,0,0,NAN
142,NAN,0,0,NAN
143,NAN,0,0,NAN
144,NAN,0,0,NAN
145,NAN,0,0,NAN
146,NAN,0,0,NAN
147,NAN,0,0,NAN
148,NAN,0,0,NAN
149,NAN,0,0,NAN
150,NAN,0,0,NAN
